{
  "jurisdiction": "United Kingdom",
  "regulatory_authority": {
    "name": "UK Gambling Commission",
    "abbreviation": "UKGC",
    "website": "https://www.gamblingcommission.gov.uk"
  },
  "standard_authority": {
    "name": "International Organization for Standardization",
    "abbreviation": "ISO",
    "standard": "ISO/IEC 27001:2022"
  },
  "document_type": "ISO 27001 Security Requirements - Annex A Control",
  "document_reference": "ISO 27001 Annex A 5.23",
  "last_updated": "2025-10-17",
  "legal_status": "mandatory",
  "applies_to_note": "All gambling operators subject to RTS Chapter 4 - Security Requirements",
  "control_category": "Organizational Controls",
  "control": {
    "control_id": "ISO_27001_A_5.23",
    "control_number": "A 5.23",
    "control_title": "Information Security for Use of Cloud Services",
    "control_type": "Preventive control",
    "control_purpose": "To specify and manage information security for use of cloud services",
    "control_objective": "Establish processes for acquisition, use, management and exit from cloud services in accordance with information security requirements"
  },
  "iso_27001_definition": {
    "official_text": "Processes for acquisition, use, management and exit from cloud services should be established in accordance with the organisation's information security requirements.",
    "key_requirements": [
      "Process for acquiring cloud services",
      "Process for using cloud services securely",
      "Process for managing cloud services",
      "Process for exiting cloud services",
      "Alignment with organization's security requirements",
      "Information security controls for cloud"
    ]
  },
  "cloud_services_overview": {
    "definition": "Cloud services are computing resources and applications delivered over the internet, hosted and managed by external providers",
    "scope": [
      "Software as a Service (SaaS)",
      "Platform as a Service (PaaS)",
      "Infrastructure as a Service (IaaS)",
      "Managed services",
      "Cloud storage and backup",
      "Cloud databases",
      "Cloud APIs and integrations"
    ],
    "treatment": "Cloud services treated as suppliers subject to standard supplier management processes",
    "key_challenge": "Cloud service agreements typically non-negotiable and pre-defined by providers",
    "standard_acknowledgment": "ISO 27001 acknowledges that cloud agreements are largely non-negotiable and full alignment with requirements often not feasible",
    "practical_approach": "Apply good supplier management practices within constraints of cloud provider offerings"
  },
  "implementation_requirements": [
    {
      "requirement_id": "A_5.23_REQ_1",
      "requirement": "Establish Cloud Service Acquisition Process",
      "description": "Define process for evaluating and acquiring cloud services",
      "details": {
        "acquisition_process": [
          "Define security requirements for cloud services",
          "Evaluate cloud providers against requirements",
          "Assess provider security posture and certifications",
          "Review cloud service agreement terms",
          "Identify non-negotiable items vs. negotiable items",
          "Negotiate within constraints",
          "Execute agreement",
          "Document security controls provided"
        ],
        "key_point": "Recognize constraints - cloud agreements largely take-it-or-leave-it"
      }
    },
    {
      "requirement_id": "A_5.23_REQ_2",
      "requirement": "Define Cloud Service Security Requirements",
      "description": "Establish security requirements for cloud services before acquisition",
      "details": {
        "security_requirements": [
          "Data location and residency requirements",
          "Encryption requirements (in transit and at rest)",
          "Access control requirements",
          "Audit logging and monitoring",
          "Incident response and notification",
          "Backup and disaster recovery",
          "Compliance with regulatory requirements",
          "Data handling and retention"
        ],
        "baseline": "Establish minimum acceptable security levels",
        "criticality": "Adjust requirements based on cloud service criticality"
      }
    },
    {
      "requirement_id": "A_5.23_REQ_3",
      "requirement": "Evaluate Cloud Providers",
      "description": "Assess cloud providers for security capabilities and suitability",
      "details": {
        "evaluation_criteria": [
          "Security certifications (ISO 27001, SOC 2, etc.)",
          "Data center location and jurisdiction",
          "Encryption and key management",
          "Availability and redundancy",
          "Disaster recovery capabilities",
          "Compliance with regulations",
          "Financial stability",
          "References and reputation",
          "Support and responsiveness"
        ],
        "assessment": "Compare provider capabilities against requirements",
        "trade-offs": "Understand where provider does not meet all requirements"
      }
    },
    {
      "requirement_id": "A_5.23_REQ_4",
      "requirement": "Review Cloud Service Agreements",
      "description": "Review and understand cloud service agreement terms",
      "details": {
        "agreement_elements": [
          "Service definition and scope",
          "Security and compliance commitments",
          "Service level agreements (SLA)",
          "Data location and residency",
          "Backup and disaster recovery",
          "Audit and monitoring rights",
          "Incident notification procedures",
          "Data deletion upon termination",
          "Limitation of liability",
          "Termination and exit procedures"
        ],
        "documentation": "Document what is negotiable vs. non-negotiable",
        "constraints": "Understand constraints of provider's standard agreement"
      }
    },
    {
      "requirement_id": "A_5.23_REQ_5",
      "requirement": "Identify Non-Negotiable Items",
      "description": "Recognize and document cloud agreement items that cannot be negotiated",
      "details": {
        "non_negotiable_recognition": "Cloud providers offer standard agreements with minimal negotiation flexibility",
        "approach": [
          "Accept provider's standard terms",
          "Focus negotiation on critical items only",
          "Document acceptance of non-negotiable items",
          "Evaluate acceptable risk levels"
        ],
        "decision": "Accept or find alternative provider if non-negotiable items unacceptable"
      }
    },
    {
      "requirement_id": "A_5.23_REQ_6",
      "requirement": "Establish Secure Cloud Service Use",
      "description": "Define how cloud services will be used securely",
      "details": {
        "secure_use_practices": [
          "Data classification to determine what can be stored in cloud",
          "Encryption of sensitive data before cloud storage",
          "Access control through provider's authentication",
          "Multi-factor authentication where available",
          "API security for cloud integrations",
          "Network segmentation and VPN if needed",
          "Logging and monitoring configuration",
          "Regular security configuration review"
        ],
        "configuration": "Configure cloud service securely per provider options"
      }
    },
    {
      "requirement_id": "A_5.23_REQ_7",
      "requirement": "Implement Cloud Service Monitoring",
      "description": "Monitor and manage cloud services for continued security",
      "details": {
        "monitoring_activities": [
          "Monitor service performance and availability",
          "Track security events and incidents",
          "Review audit logs regularly",
          "Monitor access patterns for anomalies",
          "Verify backups are occurring",
          "Track configuration changes",
          "Monitor for security alerts"
        ],
        "frequency": "Regular monitoring cadence established",
        "automation": "Use monitoring and alerting where available"
      }
    },
    {
      "requirement_id": "A_5.23_REQ_8",
      "requirement": "Manage Cloud Service Changes",
      "description": "Monitor and manage changes made by cloud provider",
      "details": {
        "change_monitoring": [
          "Security updates and patches",
          "Service feature changes",
          "Pricing or terms changes",
          "API changes",
          "Feature deprecation"
        ],
        "impact_assessment": "Assess impact of changes to security",
        "response": "Update configurations or usage based on changes"
      }
    },
    {
      "requirement_id": "A_5.23_REQ_9",
      "requirement": "Implement Incident Response with Cloud Provider",
      "description": "Establish incident response procedures with cloud provider",
      "details": {
        "incident_handling": [
          "Cloud provider incident notification procedures",
          "Timeframe for incident notification",
          "Information to include in notification",
          "Escalation procedures",
          "Investigation cooperation",
          "Evidence preservation",
          "Communication and transparency"
        ],
        "understanding": "Know provider's incident response capabilities"
      }
    },
    {
      "requirement_id": "A_5.23_REQ_10",
      "requirement": "Plan Cloud Service Exit Strategy",
      "description": "Establish process for exiting cloud service when needed",
      "details": {
        "exit_planning": [
          "Data export procedures and formats",
          "Data migration process",
          "Timeline for data removal from provider",
          "Verification of data deletion",
          "Service continuity during transition",
          "Alternative provider identification",
          "Switchover procedures"
        ],
        "documentation": "Document exit procedures before needed",
        "testing": "Test exit procedures periodically"
      }
    },
    {
      "requirement_id": "A_5.23_REQ_11",
      "requirement": "Include Cloud Services in Supplier Management",
      "description": "Apply standard supplier management processes to cloud services",
      "details": {
        "supplier_management_alignment": "Cloud services managed as cloud supplier relationships",
        "processes": [
          "Risk assessment for cloud services",
          "Security certifications tracking",
          "Compliance verification",
          "Annual reviews",
          "Incident tracking",
          "Supplier Register inclusion"
        ],
        "reference": "See controls 5.19 (Supplier Relationships), 5.20 (Supplier Agreements), 5.21 (ICT Supply Chain), 5.22 (Monitor and Review)"
      }
    },
    {
      "requirement_id": "A_5.23_REQ_12",
      "requirement": "Document Cloud Service Inventory",
      "description": "Maintain inventory of cloud services in use",
      "details": {
        "inventory_elements": [
          "Cloud provider name and contact",
          "Service type (SaaS, PaaS, IaaS)",
          "Purpose and criticality",
          "Data stored or processed",
          "Service level agreements",
          "Cost and contract dates",
          "Security certifications",
          "Last review date"
        ],
        "registry": "Maintain in Supplier Register"
      }
    }
  ],
  "cloud_service_lifecycle": {
    "description": "Typical lifecycle stages for cloud service management",
    "stages": [
      {
        "stage": 1,
        "name": "Evaluation and Selection",
        "description": "Identify and evaluate cloud providers",
        "activities": [
          "Define requirements",
          "Identify candidate providers",
          "Evaluate security posture",
          "Request proposals",
          "Compare capabilities",
          "Make selection decision"
        ]
      },
      {
        "stage": 2,
        "name": "Negotiation and Agreement",
        "description": "Negotiate and finalize cloud service agreement",
        "activities": [
          "Review standard agreement",
          "Identify key concerns",
          "Negotiate critical items",
          "Accept non-negotiable items",
          "Legal review",
          "Execute agreement"
        ]
      },
      {
        "stage": 3,
        "name": "Implementation and Configuration",
        "description": "Implement cloud service securely",
        "activities": [
          "Configure security settings",
          "Enable encryption where available",
          "Set up access controls",
          "Configure logging and monitoring",
          "Migrate data",
          "Test functionality and security"
        ]
      },
      {
        "stage": 4,
        "name": "Ongoing Management",
        "description": "Manage cloud service during use",
        "activities": [
          "Monitor performance and security",
          "Track incidents and issues",
          "Manage access and permissions",
          "Review costs",
          "Monitor for security updates",
          "Annual compliance review"
        ]
      },
      {
        "stage": 5,
        "name": "Change Management",
        "description": "Respond to provider-initiated changes",
        "activities": [
          "Monitor for announcements",
          "Evaluate impact of changes",
          "Plan responses",
          "Update configurations",
          "Test changes",
          "Document changes"
        ]
      },
      {
        "stage": 6,
        "name": "Exit and Transition",
        "description": "Exit cloud service when needed",
        "activities": [
          "Notify provider",
          "Export data from cloud",
          "Migrate to alternative",
          "Verify data deletion",
          "Close account"
        ]
      }
    ]
  },
  "cloud_vs_traditional_supplier": {
    "description": "Differences in managing cloud services vs. traditional suppliers",
    "differences": [
      {
        "aspect": "Agreement Negotiation",
        "traditional_supplier": "Significant negotiation typically possible",
        "cloud_service": "Limited negotiation - take-it-or-leave-it model"
      },
      {
        "aspect": "Service Customization",
        "traditional_supplier": "Can customize to requirements",
        "cloud_service": "Services standardized - must adapt to service"
      },
      {
        "aspect": "Access to Infrastructure",
        "traditional_supplier": "May have audit access to facilities",
        "cloud_service": "Limited - rely on provider's certifications and reporting"
      },
      {
        "aspect": "Data Control",
        "traditional_supplier": "Typically clear data ownership",
        "cloud_service": "Data stored on provider's infrastructure - must use their security"
      },
      {
        "aspect": "Switching Costs",
        "traditional_supplier": "Usually can switch with reasonable notice",
        "cloud_service": "Data migration can be complex - vendor lock-in risk"
      },
      {
        "aspect": "Performance Requirements",
        "traditional_supplier": "Often custom SLAs negotiated",
        "cloud_service": "Standard SLAs - must accept provider's terms"
      }
    ]
  },
  "implementation_steps": {
    "steps": [
      {
        "step": 1,
        "action": "Establish Cloud Service Policy",
        "detail": "Document organization's approach to cloud service security"
      },
      {
        "step": 2,
        "action": "Inventory Existing Cloud Services",
        "detail": "Identify all cloud services currently in use"
      },
      {
        "step": 3,
        "action": "Define Cloud Security Requirements",
        "detail": "Establish security requirements for cloud services"
      },
      {
        "step": 4,
        "action": "Evaluate Cloud Providers",
        "detail": "Assess existing and potential cloud providers"
      },
      {
        "step": 5,
        "action": "Review Cloud Agreements",
        "detail": "Document key terms and constraints of cloud agreements"
      },
      {
        "step": 6,
        "action": "Implement Secure Configuration",
        "detail": "Configure cloud services securely per available options"
      },
      {
        "step": 7,
        "action": "Establish Monitoring",
        "detail": "Set up monitoring and logging for cloud services"
      },
      {
        "step": 8,
        "action": "Plan Exit Strategy",
        "detail": "Document exit and data migration procedures"
      },
      {
        "step": 9,
        "action": "Include in Supplier Management",
        "detail": "Add cloud services to supplier management processes"
      },
      {
        "step": 10,
        "action": "Document Procedures",
        "detail": "Create comprehensive cloud service procedures"
      }
    ]
  },
  "compliance_checklist": {
    "description": "Steps to comply with ISO 27001 Annex A 5.23",
    "checklist": [
      {
        "item": "Establish cloud service policy",
        "status": "required"
      },
      {
        "item": "Define cloud security requirements",
        "status": "required"
      },
      {
        "item": "Evaluate cloud providers",
        "status": "required"
      },
      {
        "item": "Review cloud service agreements",
        "status": "required"
      },
      {
        "item": "Document agreement terms and constraints",
        "status": "required"
      },
      {
        "item": "Configure cloud services securely",
        "status": "required"
      },
      {
        "item": "Implement encryption where available",
        "status": "required"
      },
      {
        "item": "Establish monitoring and logging",
        "status": "required"
      },
      {
        "item": "Implement access controls",
        "status": "required"
      },
      {
        "item": "Plan exit and data migration",
        "status": "required"
      },
      {
        "item": "Include in Supplier Register",
        "status": "required"
      },
      {
        "item": "Monitor cloud provider compliance",
        "status": "required"
      },
      {
        "item": "Document procedures",
        "status": "required"
      }
    ]
  },
  "common_mistakes": {
    "description": "Top 3 mistakes organizations make with cloud service security",
    "mistakes": [
      {
        "rank": 1,
        "mistake": "Do not monitor cloud services",
        "description": "No ongoing monitoring or oversight of cloud services",
        "root_cause": [
          "Assumption cloud provider handles all security",
          "Focus on implementation, not ongoing management",
          "No process for cloud monitoring",
          "Resource constraints"
        ],
        "impact": "Security issues not detected, incidents not noticed, compliance gaps not identified",
        "prevention": "Establish monitoring process with clear responsibility",
        "evidence_needed": "Be able to demonstrate monitoring of cloud services"
      },
      {
        "rank": 2,
        "mistake": "No assurance cloud provider maintains security",
        "description": "No verification of cloud provider security posture",
        "root_cause": [
          "Initial evaluation done but no ongoing verification",
          "Assumption provider maintains standards",
          "No annual review process",
          "No tracking of provider certifications"
        ],
        "evidence_needed": "Current certification (ISO 27001, SOC 2, etc.) covering services in use",
        "action": "Request annual compliance updates from cloud provider"
      },
      {
        "rank": 3,
        "mistake": "Document and version control is wrong",
        "description": "Poor documentation of cloud services and agreements",
        "issues": [
          "No cloud service inventory",
          "Cloud agreements not documented",
          "No record of security controls provided",
          "No exit strategy documented"
        ],
        "prevention": [
          "Maintain cloud service inventory",
          "Document all cloud agreements",
          "Track security controls",
          "Document exit procedures"
        ]
      }
    ]
  },
  "audit_requirements": {
    "description": "What auditors will check during ISO 27001 A 5.23 audit",
    "audit_areas": [
      {
        "area": "1. Cloud Service Agreements",
        "description": "Verify agreements exist and are documented",
        "checks": [
          "Agreement exists for each cloud service",
          "Agreement reviewed and understood",
          "Key terms documented",
          "Security commitments identified",
          "Limitations and constraints documented",
          "Agreement covers services being used"
        ]
      },
      {
        "area": "2. Cloud Service Evaluation",
        "description": "Verify cloud provider security evaluation",
        "checks": [
          "Provider security evaluation documented",
          "Certifications verified (ISO 27001, SOC 2, etc.)",
          "Risk assessment conducted",
          "Non-negotiable items documented",
          "Acceptance of constraints documented"
        ]
      },
      {
        "area": "3. Security Configuration",
        "description": "Verify cloud services configured securely",
        "checks": [
          "Encryption enabled where available",
          "Access controls configured",
          "Logging and monitoring enabled",
          "Multi-factor authentication enabled",
          "Default credentials changed",
          "Security settings documented"
        ]
      },
      {
        "area": "4. Monitoring and Management",
        "description": "Verify cloud services monitored and managed",
        "checks": [
          "Monitoring process established",
          "Performance monitored",
          "Security events tracked",
          "Incidents managed",
          "Changes documented",
          "Certifications tracked"
        ]
      },
      {
        "area": "5. Supplier Management Integration",
        "description": "Verify cloud services managed as suppliers",
        "checks": [
          "Cloud services in Supplier Register",
          "Risk assessments current",
          "Compliance verification conducted",
          "Annual reviews documented",
          "Monitoring records maintained"
        ]
      },
      {
        "area": "6. Exit Planning",
        "description": "Verify exit strategy documented",
        "checks": [
          "Exit procedures documented",
          "Data migration approach defined",
          "Data deletion procedures specified",
          "Alternative providers identified"
        ]
      }
    ]
  },
  "ukgc_application": {
    "critical_systems_context": "Cloud services are increasingly used to support gambling systems - must manage security and compliance requirements carefully",
    "specific_requirements": [
      {
        "system": "Customer Data in Cloud",
        "cloud_security_requirements": [
          "UK data residency if storing customer data",
          "Encryption of payment information",
          "GDPR compliance for personal data",
          "Access controls and authentication",
          "Audit logging of data access",
          "Regular backup and disaster recovery",
          "Incident notification capability"
        ]
      },
      {
        "system": "Game Software in Cloud",
        "cloud_security_requirements": [
          "RNG integrity verification",
          "Source code protection",
          "Change control and audit trail",
          "Test environment isolation",
          "Production environment protection",
          "Incident response for game anomalies"
        ]
      },
      {
        "system": "Cloud Infrastructure and Hosting",
        "cloud_security_requirements": [
          "ISO 27001 certification for infrastructure",
          "SOC 2 Type II audit reports",
          "Availability SLA commitments",
          "Disaster recovery capabilities",
          "Data center security",
          "Network security and DDoS protection"
        ]
      },
      {
        "system": "Compliance and Reporting in Cloud",
        "cloud_security_requirements": [
          "Data integrity and non-repudiation",
          "Audit trail preservation",
          "Backup and recovery",
          "Access controls",
          "Encryption of sensitive data"
        ]
      }
    ],
    "compliance_requirement": "Operators must establish and maintain processes for secure acquisition, use, management and exit from cloud services in accordance with security requirements"
  },
  "compliance_notes": {
    "overall_purpose": "Establish processes for cloud service acquisition, use, management and exit that maintain agreed information security standards",
    "enforcement_priority": "High - cloud services now integral to most gambling operations",
    "key_principles": [
      "Define cloud security requirements before acquisition",
      "Evaluate cloud providers against requirements",
      "Understand agreement constraints and non-negotiable items",
      "Configure cloud services securely",
      "Monitor cloud services for compliance",
      "Apply supplier management processes to cloud",
      "Track and respond to cloud service changes",
      "Plan for cloud service exit and data migration",
      "Maintain cloud service inventory",
      "Document all cloud service decisions and controls",
      "Recognize constraints - many cloud terms are non-negotiable"
    ]
  },
  "to_pass_the_audit": {
    "description": "To comply with ISO 27001 Annex A 5.23 Information Security for Use of Cloud Services, implement",
    "requirements": [
      {
        "requirement": "Establish cloud service policy",
        "detail": "Document approach to cloud service security"
      },
      {
        "requirement": "Define cloud security requirements",
        "detail": "Establish minimum security standards for cloud services"
      },
      {
        "requirement": "Evaluate cloud providers",
        "detail": "Assess providers against security requirements"
      },
      {
        "requirement": "Review cloud agreements",
        "detail": "Document terms and identify non-negotiable items"
      },
      {
        "requirement": "Configure cloud services securely",
        "detail": "Enable security features provided by cloud provider"
      },
      {
        "requirement": "Implement encryption",
        "detail": "Encrypt sensitive data before cloud storage"
      },
      {
        "requirement": "Establish monitoring",
        "detail": "Monitor cloud service performance and security"
      },
      {
        "requirement": "Implement access controls",
        "detail": "Restrict access to cloud services appropriately"
      },
      {
        "requirement": "Plan exit strategy",
        "detail": "Document data migration and exit procedures"
      },
      {
        "requirement": "Include in supplier management",
        "detail": "Apply supplier management processes to cloud services"
      },
      {
        "requirement": "Maintain inventory",
        "detail": "Document all cloud services in Supplier Register"
      },
      {
        "requirement": "Track certifications",
        "detail": "Monitor cloud provider certifications and updates"
      },
      {
        "requirement": "Document procedures",
        "detail": "Maintain comprehensive cloud service procedures"
      }
    ]
  },
  "related_requirements": {
    "rts_reference": "RTS Chapter 4 - Security Requirements",
    "prerequisite_controls": [
      "ISO 27001 A 5.19 - Information security in supplier relationships",
      "ISO 27001 A 5.20 - Addressing information security within supplier agreements",
      "ISO 27001 A 5.21 - Managing information security in the ICT supply chain",
      "ISO 27001 A 5.22 - Monitor, review and change management of supplier services"
    ],
    "cross_references": [
      "Supplier Relationships (A 5.19) - cloud services managed as suppliers",
      "Supplier Agreements (A 5.20) - cloud service agreements",
      "ICT Supply Chain (A 5.21) - cloud infrastructure and components",
      "Supplier Monitoring (A 5.22) - ongoing cloud service management"
    ]
  },
  "best_practices": {
    "evaluation_best_practices": [
      "Define requirements before evaluating providers",
      "Verify certifications independently",
      "Request references from similar organizations",
      "Conduct security questionnaire",
      "Review provider's security documentation",
      "Assess financial stability and viability",
      "Understand provider's audit practices"
    ],
    "negotiation_best_practices": [
      "Understand constraints early",
      "Focus negotiation on critical items",
      "Accept provider's standard terms where appropriate",
      "Document all non-negotiable items",
      "Get executive approval for compromises",
      "Use professional legal counsel"
    ],
    "configuration_best_practices": [
      "Change all default credentials",
      "Enable encryption for sensitive data",
      "Enable logging and monitoring",
      "Implement multi-factor authentication",
      "Restrict API access and tokens",
      "Use VPN or private connectivity where available",
      "Document all security settings"
    ],
    "management_best_practices": [
      "Establish regular review schedule",
      "Monitor provider security updates",
      "Track certifications and audit reports",
      "Review access logs regularly",
      "Monitor for suspicious activity",
      "Test backup and recovery procedures",
      "Plan for capacity needs"
    ],
    "exit_best_practices": [
      "Plan exit strategy before vendor lock-in occurs",
      "Test data export procedures periodically",
      "Understand data formats for export",
      "Identify alternative providers in advance",
      "Document switchover procedures",
      "Ensure smooth data transition"
    ]
  },
  "gambling_operator_specific_guidance": {
    "critical_cloud_considerations": [
      {
        "consideration": "Data Residency",
        "importance": "UK customer data regulatory requirements",
        "action": "Verify cloud provider stores data in UK or acceptable jurisdiction"
      },
      {
        "consideration": "Payment Card Compliance",
        "importance": "PCI DSS requirements for payment data",
        "action": "Ensure cloud provider is PCI DSS certified or compliant"
      },
      {
        "consideration": "RNG Integrity",
        "importance": "Game fairness verification in cloud environment",
        "action": "Verify RNG security and audit trail in cloud configuration"
      },
      {
        "consideration": "Regulatory Reporting",
        "importance": "UKGC reporting requirements",
        "action": "Ensure cloud service maintains audit trail for regulatory reporting"
      },
      {
        "consideration": "Disaster Recovery",
        "importance": "Business continuity of gambling operations",
        "action": "Verify cloud provider's backup and disaster recovery capabilities"
      }
    ],
    "regulatory_expectations": [
      "UKGC expects documented cloud service evaluation",
      "Written agreements with cloud providers",
      "Evidence of security certification or assessment",
      "Monitoring records for cloud services",
      "Incident management for cloud-related issues",
      "Data location and compliance verification"
    ]
  },
  "document_metadata": {
    "created_date": "2025-10-17",
    "source": "ISO/IEC 27001:2022 Annex A Control 5.23",
    "ukgc_reference": "RTS Chapter 4 - Security Requirements",
    "format": "Structured JSON for MCP integration",
    "version": "1.0",
    "standard_version": "ISO/IEC 27001:2022",
    "file_name": "iso-27001-annex-a-5.23-information-security-for-use-of-cloud-services.json",
    "content_coverage": "Complete - all source document content extracted and structured"
  }
}