{
  "jurisdiction": "United Kingdom",
  "regulatory_authority": {
    "name": "UK Gambling Commission",
    "abbreviation": "UKGC",
    "website": "https://www.gamblingcommission.gov.uk"
  },
  "standard_authority": {
    "name": "International Organization for Standardization",
    "abbreviation": "ISO",
    "standard": "ISO/IEC 27001:2022"
  },
  "document_type": "ISO 27001 Security Requirements - Annex A Control",
  "document_reference": "ISO 27001 Annex A 8.18",
  "last_updated": "2025-01-15",
  "legal_status": "mandatory",
  "applies_to_note": "All gambling operators subject to RTS Chapter 4 - Security Requirements",
  "control_category": "Technical Controls",
  "control": {
    "control_id": "ISO_27001_A_8.18",
    "control_number": "A 8.18",
    "control_title": "Use of Privileged Utility Programs",
    "control_type": "Preventive control",
    "control_purpose": "To ensure use of utility programs capable of overriding system and application controls does not compromise information security",
    "control_objective": "Restrict and tightly control access to utility programs that could potentially bypass or override system and application security controls"
  },
  "iso_27001_definition": {
    "official_text": "The use of utility programs that can be capable of overriding system and application controls should be restricted and tightly controlled.",
    "key_requirements": [
      "Utility programs capable of overriding controls identified",
      "Use of utility programs restricted",
      "Use of utility programs tightly controlled",
      "Access limited to authorized users",
      "Segregation of duty in approval process",
      "Documented request and approval process",
      "Monitoring of utility program installation and use"
    ]
  },
  "control_purpose_detail": {
    "purpose": "Preventive control limiting access to tools that could bypass security controls and compromise system integrity",
    "scope": [
      "All utility programs capable of overriding system controls",
      "All utility programs capable of overriding application controls",
      "System administration tools",
      "Security and monitoring tools",
      "Development and testing tools",
      "Backup and recovery tools"
    ],
    "key_outcome": "Utility program access limited to authorized personnel with documented approval and monitoring"
  },
  "utility_programs_definition": {
    "description": "Utility programs are specialized software capable of performing operations that bypass or override standard system and application controls",
    "examples": [
      "Antivirus and malware protection tools",
      "Patching and update management tools",
      "Backup and recovery software",
      "System administration and monitoring tools",
      "Network management and diagnostic tools",
      "Code development and debugging tools",
      "Database administration tools",
      "Privilege elevation utilities",
      "System configuration management tools",
      "Performance monitoring and optimization tools"
    ],
    "risk_profile": "Utility programs present significant risk because they can modify system behavior, bypass access controls, access sensitive data or compromise system integrity if misused"
  },
  "prerequisites": {
    "description": "Before implementing utility program control, foundational requirements must be met",
    "required_prerequisites": [
      {
        "prerequisite": "System Inventory",
        "description": "Complete inventory of systems and installed utility programs",
        "rationale": "Must know what utility programs exist to control them",
        "reference": "ISO 27001 A 5.9 - Inventory of information and other associated assets"
      },
      {
        "prerequisite": "Access Control Policy",
        "description": "Documented access control policy and procedures",
        "rationale": "Utility program access controlled through broader access control framework",
        "reference": "ISO 27001 A 5.15 - Access control"
      },
      {
        "prerequisite": "User Management",
        "description": "User identification and role definitions",
        "rationale": "Utility program access assigned based on user roles and needs",
        "reference": "ISO 27001 A 5.16 - Identity management"
      },
      {
        "prerequisite": "Privilege Management",
        "description": "Documented privilege management procedures",
        "rationale": "Utility programs typically require elevated privileges to operate",
        "reference": "ISO 27001 A 5.27 - Privilege management"
      }
    ]
  },
  "implementation_requirements": [
    {
      "requirement_id": "A_8.18_REQ_1",
      "requirement": "Identify Utility Programs",
      "description": "Identify all utility programs capable of overriding system and application controls",
      "details": {
        "identification_process": [
          "Inventory all software installed across organisation",
          "Identify programs capable of system configuration modification",
          "Identify programs capable of overriding access controls",
          "Identify programs capable of modifying audit logs",
          "Identify programs capable of escalating privileges",
          "Identify development and administrative tools"
        ],
        "documentation": [
          "Create and maintain list of identified utility programs",
          "Document program name, version and function",
          "Document technical capability to override controls",
          "Document risk profile",
          "Update list when new programs installed"
        ],
        "categorization": [
          "Critical utility programs with high-risk capability",
          "Standard utility programs with moderate-risk capability",
          "Development tools used in secure environment",
          "Monitoring and management tools with restricted functionality"
        ]
      }
    },
    {
      "requirement_id": "A_8.18_REQ_2",
      "requirement": "Establish Request and Approval Process",
      "description": "Create documented procedure for requesting and approving access to utility programs",
      "details": {
        "process_requirements": [
          "User submits request for utility program access",
          "Request includes business justification for need",
          "Request specifies program, version and intended use",
          "Requester specifies duration of need (temporary or permanent)",
          "Request routed to appropriate approver",
          "Approver determines if request is justified",
          "Approval authority separate from requesting user",
          "Documented evidence of approval maintained"
        ],
        "segregation_of_duty": [
          "Requesting user cannot approve their own request",
          "Approval authority independent from requester",
          "In smaller organisations, typically approved by IT manager or CISO",
          "Escalation to senior management for critical programs",
          "Clear delegation of approval authority documented"
        ],
        "request_documentation": [
          "Formal request form or template used",
          "Business justification for access required",
          "Specific program, version and function identified",
          "Duration of access specified",
          "User role and department documented",
          "Approval by authorised person recorded",
          "Date and time of approval recorded"
        ]
      }
    },
    {
      "requirement_id": "A_8.18_REQ_3",
      "requirement": "Control Installation of Utility Programs",
      "description": "Implement controls preventing unauthorized installation of utility programs",
      "details": {
        "installation_controls": [
          "Only approved users permitted to install utility programs",
          "Standard users prevented from installing programs (GPO, AppLocker, MDM)",
          "Installation restricted to approved program versions",
          "Installation audit trail maintained",
          "Installation requires approval evidence",
          "Unauthorized installations detected and removed"
        ],
        "installation_procedures": [
          "Formal process for installing approved programs",
          "Installation performed by authorized technical staff",
          "Installation documented with date, approver and user",
          "Installation verification that program installed correctly",
          "License compliance verified before installation",
          "Post-installation testing and verification"
        ],
        "technical_enforcement": [
          "Application whitelisting preventing unauthorized programs",
          "Group Policy restrictions on program installation",
          "Mobile Device Management (MDM) policies on devices",
          "Package management systems for controlled deployment",
          "System integrity monitoring detecting unauthorized changes"
        ]
      }
    },
    {
      "requirement_id": "A_8.18_REQ_4",
      "requirement": "Define Time Limitations on Utility Program Access",
      "description": "Establish time limitations on temporary utility program access where appropriate",
      "details": {
        "time_limitations": [
          "Temporary access granted for specific duration (hours, days, weeks)",
          "Duration justified based on business need",
          "Access automatically removed when duration expires",
          "Permanent access requires documented justification",
          "Permanent access subject to periodic review and approval"
        ],
        "implementation_approaches": [
          "Scheduled tasks removing access on expiry date",
          "Calendar reminders for access review and removal",
          "Access control lists with expiry dates",
          "Regular removal procedures for expired access",
          "Escalation process for extending access if still needed"
        ],
        "justification_documentation": [
          "Business case documenting why access is required",
          "Time period justified based on project or task duration",
          "Risk assessment considering access duration",
          "Approval documented with duration specified"
        ]
      }
    },
    {
      "requirement_id": "A_8.18_REQ_5",
      "requirement": "Manage Software Licensing",
      "description": "Ensure utility programs are properly licensed and compliance maintained",
      "details": {
        "licensing_requirements": [
          "All utility programs must be properly licensed",
          "License terms reviewed before installation",
          "License usage within permitted scope",
          "License compliance monitoring",
          "Renewal of licenses before expiry"
        ],
        "license_documentation": [
          "License agreement stored and accessible",
          "License terms documented including restrictions",
          "Permitted usage documented",
          "License key or activation information recorded",
          "License expiry date tracked"
        ],
        "compliance_verification": [
          "Regular audit of utility program installations against licenses",
          "Verification of proper license activation",
          "Removal of utility programs after license expiry",
          "Documentation of license compliance status"
        ]
      }
    },
    {
      "requirement_id": "A_8.18_REQ_6",
      "requirement": "Monitor Utility Program Usage",
      "description": "Implement monitoring to track installation and use of utility programs",
      "details": {
        "monitoring_activities": [
          "Log utility program installation",
          "Record utility program execution and usage",
          "Monitor for unauthorized program installation",
          "Alert on suspicious utility program activity",
          "Track privilege elevation from utility programs",
          "Monitor for system configuration changes"
        ],
        "logging_requirements": [
          "Utility program installations logged with date and user",
          "Utility program execution logged with timestamp",
          "Usage parameters recorded (files accessed, changes made)",
          "Error conditions and exceptions logged",
          "Access attempts to unauthorized programs logged"
        ],
        "monitoring_tools": [
          "System audit logging of program execution",
          "Application whitelisting with logging",
          "Endpoint detection and response (EDR) tools",
          "System information and event management (SIEM)",
          "File integrity monitoring for configuration changes"
        ],
        "practical_considerations": [
          "Monitoring may not be practical for all programs",
          "Focus on programs posing highest risk",
          "Cost-benefit analysis of monitoring overhead",
          "Balance between monitoring and system performance"
        ]
      }
    },
    {
      "requirement_id": "A_8.18_REQ_7",
      "requirement": "Conduct Periodic Review",
      "description": "Establish regular review procedure to validate continued need for utility program access",
      "details": {
        "review_requirements": [
          "Annual review of all utility program access required",
          "Review scheduled and documented",
          "Each user's access reviewed for continued justification",
          "Review considers whether program still needed",
          "Unused or no longer needed access removed",
          "Documentation of review results maintained"
        ],
        "review_process": [
          "Request utility program access be re-justified annually",
          "Review against current business role and responsibilities",
          "Interview user regarding program usage",
          "Verify program still provides business value",
          "Assess risk of continued access",
          "Approve continued access or schedule removal"
        ],
        "review_documentation": [
          "Review date and reviewer recorded",
          "Users and programs reviewed documented",
          "Justification for continued access recorded",
          "Access removals documented",
          "Results reported to management"
        ]
      }
    },
    {
      "requirement_id": "A_8.18_REQ_8",
      "requirement": "Remove Access When No Longer Needed",
      "description": "Implement procedures to remove utility program access when no longer required",
      "details": {
        "removal_triggers": [
          "User leaves organisation (immediate removal)",
          "User changes role without utility program need",
          "Periodic review determines access no longer needed",
          "Project completion requiring temporary access",
          "Business justification expires or becomes obsolete",
          "User requests access removal"
        ],
        "removal_procedures": [
          "Access removal documented and approved",
          "Utility program uninstalled or disabled",
          "User permissions revoked",
          "Access removal logged and tracked",
          "Verification that removal completed",
          "User confirmed access no longer available"
        ],
        "removal_documentation": [
          "Record of access removal with date and reason",
          "Approver for removal identified",
          "Method of removal documented",
          "Verification of successful removal"
        ]
      }
    }
  ],
  "implementation_steps": {
    "steps": [
      {
        "step": 1,
        "action": "Identify utility programs",
        "detail": "Conduct inventory and identify all utility programs with system/application control override capability"
      },
      {
        "step": 2,
        "action": "Document utility programs",
        "detail": "Create and maintain list of utility programs and their risk profiles"
      },
      {
        "step": 3,
        "action": "Develop request and approval process",
        "detail": "Create documented procedure for requesting and approving utility program access"
      },
      {
        "step": 4,
        "action": "Establish segregation of duty",
        "detail": "Define approval authorities separate from requesting users"
      },
      {
        "step": 5,
        "action": "Implement installation controls",
        "detail": "Deploy technical controls preventing unauthorized utility program installation"
      },
      {
        "step": 6,
        "action": "Create approval forms and templates",
        "detail": "Develop standardized request and approval documentation"
      },
      {
        "step": 7,
        "action": "Implement monitoring",
        "detail": "Deploy logging and monitoring of utility program installation and use"
      },
      {
        "step": 8,
        "action": "Train personnel",
        "detail": "Provide training on utility program control procedures"
      },
      {
        "step": 9,
        "action": "Conduct initial audit",
        "detail": "Audit existing utility program installations against policy"
      },
      {
        "step": 10,
        "action": "Establish review schedule",
        "detail": "Schedule annual review of utility program access"
      }
    ]
  },
  "compliance_checklist": {
    "description": "Steps to comply with ISO 27001 Annex A 8.18",
    "checklist": [
      {
        "item": "Utility programs capable of overriding system/application controls identified and documented",
        "status": "required"
      },
      {
        "item": "Documented request and approval process for utility program access established",
        "status": "required"
      },
      {
        "item": "Segregation of duty implemented between requester and approver",
        "status": "required"
      },
      {
        "item": "Approval authority for utility program access clearly defined",
        "status": "required"
      },
      {
        "item": "Technical controls implemented preventing unauthorized installation",
        "status": "required"
      },
      {
        "item": "Time limitations established for temporary access where appropriate",
        "status": "required"
      },
      {
        "item": "Software licensing compliance verified and documented",
        "status": "required"
      },
      {
        "item": "Monitoring of utility program installation and usage implemented",
        "status": "required"
      },
      {
        "item": "Audit trail of utility program access approvals maintained",
        "status": "required"
      },
      {
        "item": "Annual review of utility program access conducted",
        "status": "required"
      },
      {
        "item": "Procedures for access removal when no longer needed documented",
        "status": "required"
      },
      {
        "item": "Personnel trained on utility program control procedures",
        "status": "required"
      },
      {
        "item": "Internal audit testing of utility program controls performed",
        "status": "required"
      }
    ]
  },
  "common_mistakes": {
    "description": "Top 3 mistakes organizations make with utility program controls",
    "mistakes": [
      {
        "rank": 1,
        "mistake": "Lack of request and approval process allowing unauthorized access",
        "description": "No formal process for requesting and approving utility program access resulting in users having access without documented justification or approval",
        "root_cause": [
          "Informal ad hoc approach to utility program access",
          "Assumption that technical staff can be trusted implicitly",
          "Lack of awareness of security risk",
          "Insufficient governance and controls",
          "No segregation of duty enforcement"
        ],
        "impact": "Unauthorized users may have access to powerful tools, increased risk of misuse or compromise, audit findings of non-compliance",
        "prevention": [
          "Establish and enforce formal request and approval process",
          "Require documented business justification for access",
          "Implement segregation of duty in approval",
          "Maintain audit trail of all approvals",
          "Regular audit of access against approvals",
          "Train personnel on process requirements"
        ]
      },
      {
        "rank": 2,
        "mistake": "Permanent access without periodic review or justification",
        "description": "Users retain utility program access indefinitely without periodic review to determine if access is still needed",
        "root_cause": [
          "No periodic review procedure established",
          "Assumption that approved access remains appropriate",
          "Lack of access removal procedures",
          "Users forget they have access",
          "No accountability for access management"
        ],
        "impact": "Users retain access long after it is needed, increased security risk, potential for misuse, audit findings of excessive access",
        "prevention": [
          "Establish annual review schedule for all utility program access",
          "Require re-justification of access during review",
          "Automatically remove access when no longer justified",
          "Define duration of access at approval time",
          "Implement automated removal at expiry for temporary access",
          "Document review decisions and removed access"
        ]
      },
      {
        "rank": 3,
        "mistake": "No segregation of duty allowing users to approve their own access",
        "description": "Users able to request and approve their own utility program access without independent review",
        "root_cause": [
          "Absence of segregation of duty controls",
          "Insufficient approval authority definition",
          "Small organisation with limited staff",
          "Assumption that users will act appropriately",
          "No accountability mechanisms"
        ],
        "impact": "Users may grant themselves inappropriate access, increased misuse risk, no independent oversight, audit failure",
        "prevention": [
          "Explicitly require segregation of duty between requester and approver",
          "Define approval authority outside requester's chain",
          "For small organisations, designate external approver",
          "Implement technical controls preventing self-approval",
          "Audit all approvals to verify segregation of duty",
          "Escalate any violations immediately"
        ]
      }
    ]
  },
  "audit_requirements": {
    "description": "What auditors will check during ISO 27001 A 8.18 audit",
    "audit_areas": [
      {
        "area": "1. Documentation of Utility Programs",
        "description": "Verify documented inventory of utility programs",
        "checks": [
          "List of utility programs identified and maintained",
          "Program name, version and capability documented",
          "Risk profile assessed",
          "Users with access documented",
          "List current and regularly updated"
        ]
      },
      {
        "area": "2. Request and Approval Process",
        "description": "Verify formal process for requesting and approving access",
        "checks": [
          "Request procedure documented",
          "Approval procedure documented",
          "Approval form or template used",
          "Business justification required in request",
          "Segregation of duty between requester and approver",
          "Sample requests show required information documented"
        ]
      },
      {
        "area": "3. Segregation of Duty",
        "description": "Verify requester and approver are different parties",
        "checks": [
          "Approval authority defined and separate from users",
          "Requests reviewed for segregation of duty",
          "No self-approvals documented",
          "Escalation authority for conflicts defined"
        ]
      },
      {
        "area": "4. Installation Controls",
        "description": "Verify controls preventing unauthorized installation",
        "checks": [
          "Technical controls implemented preventing installation",
          "Unauthorized installations not detected on systems",
          "Audit log of installations maintained",
          "Controls tested and verified working"
        ]
      },
      {
        "area": "5. Access Limitations",
        "description": "Verify time limitations on access where appropriate",
        "checks": [
          "Temporary access duration limited to business need",
          "Permanent access documented with justification",
          "Access removal scheduled when duration expires",
          "Automatic removal processes working"
        ]
      },
      {
        "area": "6. Monitoring and Logging",
        "description": "Verify utility program usage monitored",
        "checks": [
          "Monitoring system captures installation and usage",
          "Audit logs show execution and activities",
          "Monitoring alerting for suspicious usage",
          "Log retention appropriate for investigation"
        ]
      },
      {
        "area": "7. Periodic Review",
        "description": "Verify annual review of utility program access",
        "checks": [
          "Review process documented",
          "Review conducted within last 12 months",
          "Review evidence shows all access evaluated",
          "Access removed if no longer justified",
          "Review results documented and approved"
        ]
      },
      {
        "area": "8. Gambling Operator-Specific Implementation",
        "description": "Verify controls on critical gambling systems",
        "checks": [
          "Utility programs on game servers controlled",
          "Access to payment processing tools restricted",
          "Access to customer data utilities restricted",
          "RNG or game modification tools properly controlled",
          "Approval evidence for all game system access"
        ]
      }
    ]
  },
  "ukgc_application": {
    "critical_systems_context": "For gambling operators, utility programs pose significant risk to critical systems including RNG systems, payment processing systems and customer data systems. UKGC expects that utility program access is strictly controlled with documented approval and that access is limited to trusted personnel with specific business need.",
    "specific_requirements": [
      "Utility program access to game servers and RNG systems restricted to authorised technical personnel only",
      "Payment processing utility tool access controlled with approval evidence",
      "Database utility programs restricted to authorised database administrators with approval",
      "System administration tools limited to approved IT staff with documented business justification",
      "Access to customer data extraction or modification utilities strictly controlled",
      "Temporary access to utility programs time-limited to specific duration",
      "Annual review of all utility program access conducted and documented",
      "Monitoring of utility program installation and usage implemented",
      "Segregation of duty maintained between access request and approval",
      "Audit trail of utility program approvals and usage maintained"
    ],
    "compliance_requirement": "Gambling operators must maintain strict control of utility programs capable of overriding system controls through documented request and approval processes, segregation of duty, technical installation controls, monitoring and periodic review"
  },
  "compliance_notes": {
    "overall_purpose": "Limit access to powerful system administration and security tools to authorized personnel with documented business need and approval",
    "enforcement_priority": "Important - utility programs pose significant risk to system integrity; controls must be tight to prevent misuse",
    "key_principles": [
      "Access limited to identified business need",
      "Formal request and approval process required",
      "Segregation of duty between requester and approver",
      "Time-limited access for temporary needs",
      "Regular review of continued justification",
      "Immediate removal when no longer needed",
      "Documented approval trail maintained",
      "Monitoring and logging of usage"
    ]
  },
  "to_pass_the_audit": {
    "description": "To comply with ISO 27001 Annex A 8.18 Use of Privileged Utility Programs, implement",
    "requirements": [
      "Documented inventory of utility programs capable of overriding system or application controls",
      "Formal documented request and approval process for utility program access",
      "Segregation of duty between access requester and approval authority",
      "Approval authority clearly defined (typically IT manager or CISO)",
      "Request form or template capturing business justification",
      "Technical controls preventing unauthorized utility program installation",
      "Time limitations established for temporary access with automatic removal",
      "Documented business case for permanent access",
      "Monitoring and logging of utility program installation and usage",
      "Annual review of all utility program access with documentation",
      "Removal procedures for access no longer needed",
      "Audit trail showing approval for all current access",
      "Training provided to personnel on access request procedures",
      "Segregation of duty verified during internal audits",
      "Software licensing compliance verified and documented",
      "Access removal procedures documented and implemented"
    ]
  },
  "related_requirements": {
    "rts_reference": "UK Gambling Commission Remote Technical Standards (RTS) Chapter 4 - Systems and Operational Security",
    "related_controls": [
      {
        "control": "ISO 27001 A 5.15 - Access control",
        "relationship": "Utility program access controlled through broader access control framework"
      },
      {
        "control": "ISO 27001 A 5.16 - Identity management",
        "relationship": "User identification required for access request and approval"
      },
      {
        "control": "ISO 27001 A 5.27 - Privilege management",
        "relationship": "Utility program access typically requires elevated privileges"
      },
      {
        "control": "ISO 27001 A 8.15 - Logging",
        "relationship": "Utility program usage must be logged for investigation and audit"
      }
    ]
  },
  "best_practices": {
    "governance_best_practices": [
      "Establish utility program governance committee overseeing access policies",
      "Define clear approval authority with escalation procedures",
      "Implement formal change management for utility program policy",
      "Conduct annual audit of utility program implementation",
      "Report utility program access metrics to management"
    ],
    "process_best_practices": [
      "Use standardized request form capturing all required information",
      "Require documented business justification for all access",
      "Establish time-limited access by default for temporary needs",
      "Implement automatic approval workflow through systems",
      "Schedule periodic review meeting for access re-approval",
      "Document all approvals with date and approver identity",
      "Maintain master list of all utility program access"
    ],
    "technical_best_practices": [
      "Implement application whitelisting preventing unauthorized program installation",
      "Use Group Policy or MDM to restrict installation capabilities",
      "Deploy package management systems for controlled deployment",
      "Implement file integrity monitoring detecting unauthorized changes",
      "Configure audit logging for installation and execution",
      "Monitor for privilege escalation from utility programs",
      "Implement configuration management for utility program settings"
    ],
    "monitoring_best_practices": [
      "Log all utility program installation with user and timestamp",
      "Log utility program execution with parameters",
      "Alert on unauthorized utility program installation attempts",
      "Alert on suspicious utility program behavior",
      "Generate reports of utility program usage",
      "Correlate utility program usage with system changes",
      "Maintain audit trail for investigation"
    ]
  },
  "gambling_operator_specific_guidance": {
    "game_system_protection": "For gambling operators, utility programs on game servers pose critical risk to game integrity and customer trust. Access must be strictly limited to authorised technical staff with documented approval. Game modification tools, RNG access tools and game configuration utilities must be treated as highest-risk utility programs.",
    "payment_processing_protection": "Utility programs accessing payment systems require tight control. Database tools, payment gateway utilities and fund transfer programs must be restricted to authorised personnel with documented business need.",
    "customer_data_protection": "Access to utility programs capable of extracting customer data must be strictly controlled. Data export utilities, customer record modification tools and report generation programs should require approval from data protection personnel.",
    "approval_requirements": "For critical systems, utility program access approval should be by CISO or Head of IT, not by system owner. For game system access, gaming operations manager should be consulted. For payment system access, finance manager should be involved in approval.",
    "monitoring_requirements": "Monitoring of utility program usage on critical systems is essential. Game server utility program access should generate alerts for investigation. Payment system tool usage should be logged and reviewed regularly.",
    "audit_readiness": "To be audit-ready, operators should: maintain current utility program inventory; provide evidence of approval for all access; demonstrate segregation of duty; show annual review evidence; provide monitoring logs of usage; and document all access removals."
  },
  "document_metadata": {
    "created_date": "2025-01-15",
    "source": "ISO 27001 Annex A 8.18 Use of Privileged Utility Programs Source Document - Converted for UKGC Compliance",
    "ukgc_reference": "Remote Technical Standards (RTS) Chapter 4 - Systems and Operational Security",
    "format": "JSON",
    "version": "1.0",
    "standard_version": "ISO 27001:2022",
    "file_name": "iso-27001-annex-a-8.18-use-of-privilege-utility-programs.json",
    "content_coverage": "Comprehensive coverage of ISO 27001 A.8.18 Use of Privileged Utility Programs control including purpose, definition, implementation requirements, compliance procedures, common mistakes, audit requirements and UKGC-specific application for gambling operators"
  }
}