{
  "jurisdiction": "United Kingdom",
  "regulatory_authority": {
    "name": "UK Gambling Commission",
    "abbreviation": "UKGC",
    "website": "https://www.gamblingcommission.gov.uk"
  },
  "standard_authority": {
    "name": "International Organization for Standardization",
    "abbreviation": "ISO",
    "standard": "ISO/IEC 27001:2022"
  },
  "document_type": "ISO 27001 Security Requirements - Annex A Control",
  "document_reference": "ISO 27001 Annex A 8.21",
  "last_updated": "2025-01-15",
  "legal_status": "mandatory",
  "applies_to_note": "All gambling operators subject to RTS Chapter 4 - Security Requirements",
  "control_category": "Technical Controls",
  "control": {
    "control_id": "ISO_27001_A_8.21",
    "control_number": "A 8.21",
    "control_title": "Security of Network Services",
    "control_type": "Preventive control",
    "control_purpose": "To ensure security mechanisms, service levels and service requirements of network services are identified, implemented and monitored",
    "control_objective": "Establish and maintain security controls for network services with documented service levels and requirements, monitoring compliance with agreed standards"
  },
  "iso_27001_definition": {
    "official_text": "Security mechanisms, service levels and service requirements of network services should be identified, implemented and monitored.",
    "key_requirements": [
      "Security mechanisms for network services identified",
      "Service levels defined and agreed",
      "Service requirements documented",
      "Security mechanisms implemented",
      "Service levels implemented and monitored",
      "Service requirements met and verified",
      "Third-party attestations considered and monitored",
      "Regular review and reporting of service levels"
    ]
  },
  "control_purpose_detail": {
    "purpose": "Preventive control ensuring network services meet security requirements and agreed service levels",
    "scope": [
      "All network services used by organisation",
      "Internal network services",
      "Third-party network services",
      "Cloud-based network services",
      "Telecommunications services",
      "Internet connectivity services",
      "Virtual network services"
    ],
    "key_outcome": "Network services configured and monitored to meet security requirements and service level agreements"
  },
  "prerequisites": {
    "description": "Before implementing network service security, foundational requirements must be met",
    "required_prerequisites": [
      {
        "prerequisite": "Network Architecture and Security",
        "description": "Network security framework defined and implemented",
        "rationale": "Network service security built upon broader network security framework",
        "reference": "ISO 27001 A 8.20 - Network security"
      },
      {
        "prerequisite": "Access Control Policy",
        "description": "Access control requirements for network services defined",
        "rationale": "Network service access controlled through access control policy",
        "reference": "ISO 27001 A 5.15 - Access control"
      },
      {
        "prerequisite": "Authentication Requirements",
        "description": "Authentication standards for network service access",
        "rationale": "Network service authentication must meet authentication requirements",
        "reference": "ISO 27001 A 5.17 - Authentication information"
      },
      {
        "prerequisite": "Service Inventory",
        "description": "Inventory of all network services used",
        "rationale": "Must identify all services to apply security controls",
        "reference": "ISO 27001 A 5.9 - Inventory of information and other associated assets"
      }
    ]
  },
  "implementation_requirements": [
    {
      "requirement_id": "A_8.21_REQ_1",
      "requirement": "Identify Network Services",
      "description": "Identify and document all network services used by organisation",
      "details": {
        "service_identification": [
          "Internal network services (email, file sharing, printing)",
          "External network services from cloud providers",
          "Internet connectivity services from ISPs",
          "Telecommunications services",
          "Virtual network services from cloud providers",
          "Third-party application services",
          "DNS and name resolution services",
          "Time synchronisation services",
          "Backup and recovery services",
          "Disaster recovery services"
        ],
        "service_documentation": [
          "Service name and provider documented",
          "Service function and purpose documented",
          "Service criticality assessed",
          "Service dependencies documented",
          "Service architecture documented",
          "Contractual terms documented"
        ]
      }
    },
    {
      "requirement_id": "A_8.21_REQ_2",
      "requirement": "Define Security Requirements for Network Services",
      "description": "Identify security mechanisms and requirements for each network service",
      "details": {
        "security_mechanism_identification": [
          "Authentication requirements for service access",
          "Authorization and access control requirements",
          "Encryption requirements for data in transit and at rest",
          "Logging and monitoring requirements",
          "Availability and uptime requirements",
          "Performance requirements",
          "Data protection and privacy requirements",
          "Incident response requirements",
          "Backup and recovery requirements"
        ],
        "security_features_implementation": [
          "Encryption of service communications",
          "Connection controls and restrictions",
          "Firewall and intrusion detection",
          "Private networks and VPN protection",
          "Caching and data isolation",
          "Restrictive access controls",
          "Strong authentication mechanisms",
          "Multi-factor authentication where appropriate"
        ]
      }
    },
    {
      "requirement_id": "A_8.21_REQ_3",
      "requirement": "Establish Service Level Agreements",
      "description": "Define and document service level agreements for network services",
      "details": {
        "service_level_components": [
          "Availability requirements (uptime percentage)",
          "Performance requirements (response time, throughput)",
          "Capacity requirements",
          "Support and response times",
          "Maintenance windows",
          "Disaster recovery and business continuity targets",
          "Data backup frequency and retention",
          "Security incident response procedures",
          "Regular security assessment requirements"
        ],
        "sla_documentation": [
          "SLA documented in service agreements",
          "SLA clearly states security requirements",
          "SLA defines performance metrics",
          "SLA specifies penalties for non-compliance",
          "SLA includes disaster recovery provisions",
          "SLA addresses data protection requirements",
          "SLA reviewed and updated regularly"
        ],
        "sla_management": [
          "Internal SLAs for internal services",
          "Third-party SLAs for external services",
          "SLA negotiated and approved",
          "SLA maintained and tracked"
        ]
      }
    },
    {
      "requirement_id": "A_8.21_REQ_4",
      "requirement": "Define Access Requirements",
      "description": "Document access policies and requirements for network services",
      "details": {
        "access_control": [
          "Who is allowed to access network services",
          "What network services they can access",
          "Under what circumstances access is granted",
          "Time limitations on access",
          "Geographic or IP-based access restrictions",
          "Device requirements for access",
          "Connection method restrictions"
        ],
        "authentication_requirements": [
          "Single factor or multi-factor authentication",
          "Password complexity requirements",
          "Session timeout requirements",
          "Re-authentication requirements",
          "Certificate-based authentication requirements"
        ],
        "authorization_procedures": [
          "Procedures for determining who is allowed access",
          "Role-based access control",
          "Approval procedures for access grants",
          "Regular review of access assignments",
          "Removal of access when no longer needed"
        ]
      }
    },
    {
      "requirement_id": "A_8.21_REQ_5",
      "requirement": "Implement Monitoring and Logging",
      "description": "Establish logging and monitoring of network service access and activities",
      "details": {
        "logging_requirements": [
          "User identity logging for service access",
          "Access timestamp and duration logged",
          "Location and IP address of access logged",
          "Service access method logged",
          "Successful and failed access attempts logged",
          "Service activity and transactions logged",
          "Configuration changes logged",
          "Administrative actions logged",
          "Security events logged"
        ],
        "logging_attributes": [
          "Time of access",
          "User or system identity",
          "Service accessed",
          "Source location or IP address",
          "Access result (successful or failed)",
          "Data accessed or actions performed",
          "Duration of access"
        ],
        "monitoring_activities": [
          "Real-time monitoring of service access",
          "Monitoring for unauthorized access attempts",
          "Monitoring for policy violations",
          "Monitoring for unusual activity patterns",
          "Monitoring for service degradation or issues",
          "Alerting for security events"
        ]
      }
    },
    {
      "requirement_id": "A_8.21_REQ_6",
      "requirement": "Monitor Service Level Compliance",
      "description": "Establish regular monitoring and reporting of service level compliance",
      "details": {
        "monitoring_procedures": [
          "Regular measurement of service availability",
          "Regular measurement of service performance",
          "Monitoring of incident response times",
          "Monitoring of backup and recovery operations",
          "Monitoring of security controls operation",
          "Monitoring against agreed SLA metrics",
          "Tracking of service level breaches"
        ],
        "reporting_requirements": [
          "Regular reports to management on service levels",
          "Reporting frequency aligned with contract terms",
          "Reports include performance against SLA metrics",
          "Reports include incidents and service breaches",
          "Reports include corrective actions taken",
          "Trends analysis of service performance",
          "Recommendations for service improvements"
        ],
        "review_frequency": [
          "Monthly review of service levels (minimum)",
          "Quarterly review with service provider",
          "Annual comprehensive SLA review",
          "Immediate review following service breach"
        ]
      }
    },
    {
      "requirement_id": "A_8.21_REQ_7",
      "requirement": "Manage Third-Party Service Providers",
      "description": "Ensure third-party network service providers meet security requirements",
      "details": {
        "service_provider_selection": [
          "Security capabilities assessed before selection",
          "Service provider reputation and track record evaluated",
          "Service provider financial stability verified",
          "Service provider insurance and liability considered"
        ],
        "contractual_requirements": [
          "Security requirements documented in service agreement",
          "SLA requirements documented in contract",
          "Data protection and privacy requirements specified",
          "Audit and inspection rights included",
          "Incident notification requirements specified",
          "Subcontractor notification and approval required",
          "Service termination procedures documented"
        ],
        "third_party_attestations": [
          "SOC 2 Type II reports from service providers",
          "ISO 27001 certification from providers",
          "Penetration testing results considered",
          "Security assessment reports reviewed",
          "Regular attestation from third parties required"
        ],
        "third_party_monitoring": [
          "Regular reviews of service provider SLA compliance",
          "Review of service provider security incident reports",
          "Monitoring of service provider security ratings",
          "Regular communication with service provider",
          "Formal quarterly meetings to review service"
        ]
      }
    },
    {
      "requirement_id": "A_8.21_REQ_8",
      "requirement": "Address Access Types",
      "description": "Determine and secure different access methods to network services",
      "details": {
        "access_methods": [
          "Physical network access (LAN/WAN)",
          "Wireless network access",
          "Virtual Private Network (VPN) access",
          "Internet-based access",
          "Remote desktop access",
          "Application programming interface (API) access",
          "Cloud service access",
          "Mobile device access"
        ],
        "access_method_security": [
          "Each access method assessed for security",
          "Encryption required for remote access",
          "Multi-factor authentication for remote access",
          "Network segmentation for different access types",
          "Logging and monitoring of each access method",
          "Restrictions on access methods (if appropriate)",
          "Device requirements for each access method"
        ]
      }
    },
    {
      "requirement_id": "A_8.21_REQ_9",
      "requirement": "Implement Security Features",
      "description": "Deploy specific security features for network services",
      "details": {
        "technical_controls": [
          "Encryption of data in transit (TLS/SSL)",
          "Encryption of data at rest where appropriate",
          "Firewall protection",
          "Intrusion detection and prevention",
          "Connection filtering and restrictions",
          "Web application firewall for web services",
          "Private network or VPN tunnels",
          "API authentication and validation",
          "Cache isolation and security"
        ],
        "configuration_standards": [
          "Secure configuration baselines defined",
          "Vulnerable protocols disabled",
          "Default credentials changed",
          "Unnecessary features disabled",
          "Security patches applied promptly",
          "Configuration changes logged",
          "Regular security configuration audits"
        ]
      }
    },
    {
      "requirement_id": "A_8.21_REQ_10",
      "requirement": "Test and Verify Network Service Security",
      "description": "Conduct testing to verify network service security controls",
      "details": {
        "testing_activities": [
          "Verify service authentication controls working",
          "Test authorization enforcement",
          "Verify encryption is functioning",
          "Test access controls and restrictions",
          "Verify logging and monitoring operational",
          "Test failure scenarios and recovery",
          "Verify SLA compliance measurement",
          "Test backup and recovery procedures"
        ],
        "testing_frequency": [
          "Initial testing after implementation",
          "Testing after configuration changes",
          "Regular periodic testing (quarterly minimum)",
          "Testing as part of internal audits",
          "Penetration testing where appropriate"
        ],
        "testing_documentation": [
          "Test procedures documented",
          "Test results recorded with dates",
          "Issues identified and remediated",
          "Verification of remediation",
          "Evidence retained for audit"
        ]
      }
    }
  ],
  "implementation_steps": {
    "steps": [
      {
        "step": 1,
        "action": "Identify all network services",
        "detail": "Create inventory of internal, external and cloud network services"
      },
      {
        "step": 2,
        "action": "Assess security requirements",
        "detail": "Determine security mechanisms and requirements for each service"
      },
      {
        "step": 3,
        "action": "Define service levels",
        "detail": "Document SLA requirements for availability, performance and support"
      },
      {
        "step": 4,
        "action": "Establish access policies",
        "detail": "Document access requirements, authentication and authorization"
      },
      {
        "step": 5,
        "action": "Configure logging and monitoring",
        "detail": "Deploy logging and monitoring of service access and activities"
      },
      {
        "step": 6,
        "action": "Negotiate service agreements",
        "detail": "Finalize SLAs and service agreements with internal and third parties"
      },
      {
        "step": 7,
        "action": "Review third-party attestations",
        "detail": "Obtain and review SOC 2, ISO 27001 and security reports from providers"
      },
      {
        "step": 8,
        "action": "Implement security features",
        "detail": "Deploy encryption, firewalls and other technical controls"
      },
      {
        "step": 9,
        "action": "Establish monitoring procedures",
        "detail": "Implement regular monitoring and reporting of SLA compliance"
      },
      {
        "step": 10,
        "action": "Test and verify security",
        "detail": "Conduct testing to verify all controls are operational"
      }
    ]
  },
  "compliance_checklist": {
    "description": "Steps to comply with ISO 27001 Annex A 8.21",
    "checklist": [
      {
        "item": "All network services identified and documented",
        "status": "required"
      },
      {
        "item": "Security requirements defined for each network service",
        "status": "required"
      },
      {
        "item": "Service level agreements established and documented",
        "status": "required"
      },
      {
        "item": "Access requirements documented (authentication, authorization)",
        "status": "required"
      },
      {
        "item": "Logging and monitoring of service access implemented",
        "status": "required"
      },
      {
        "item": "Service level monitoring procedures established",
        "status": "required"
      },
      {
        "item": "Regular SLA compliance reporting implemented",
        "status": "required"
      },
      {
        "item": "Third-party service agreements include security requirements",
        "status": "required"
      },
      {
        "item": "Third-party attestations (SOC 2, ISO 27001) reviewed and maintained",
        "status": "required"
      },
      {
        "item": "Security features implemented (encryption, firewalls, etc.)",
        "status": "required"
      },
      {
        "item": "Different access methods (VPN, wireless, etc.) secured",
        "status": "required"
      },
      {
        "item": "Network service configuration hardened and secured",
        "status": "required"
      },
      {
        "item": "Testing of network service security controls completed",
        "status": "required"
      },
      {
        "item": "Regular SLA compliance reviews conducted",
        "status": "required"
      },
      {
        "item": "Service breach investigation procedures documented",
        "status": "required"
      },
      {
        "item": "Internal audit of network service security conducted",
        "status": "required"
      }
    ]
  },
  "common_mistakes": {
    "description": "Top 3 mistakes organizations make with network service security",
    "mistakes": [
      {
        "rank": 1,
        "mistake": "No documented service level agreements or security requirements",
        "description": "Network services deployed without documented SLAs or security requirements creating uncertainty about what should be protected",
        "root_cause": [
          "Focus on functionality over security",
          "No formal process for service deployment",
          "Lack of coordination between teams",
          "Assumption that security is implicit",
          "Cost concerns delaying documentation"
        ],
        "impact": "Inconsistent security across services, audit failures, inability to verify compliance, security incidents",
        "prevention": [
          "Establish formal process for identifying and documenting services",
          "Define security requirements before deployment",
          "Document SLAs with clear metrics",
          "Require SLA approval before service goes live",
          "Maintain registry of all services and their SLAs",
          "Regular review and update of service documentation"
        ]
      },
      {
        "rank": 2,
        "mistake": "Third-party services without security verification or monitoring",
        "description": "Using cloud or third-party network services without verifying security capabilities or monitoring compliance",
        "root_cause": [
          "Lack of awareness of third-party risk",
          "Assumption that reputable providers are secure",
          "Cost and time constraints on evaluation",
          "Lack of resources for ongoing monitoring",
          "No contractual requirements for security"
        ],
        "impact": "Third-party breaches affecting organisation, customer data exposure, regulatory violation, loss of control",
        "prevention": [
          "Include security requirements in service selection process",
          "Request third-party attestations (SOC 2, ISO 27001)",
          "Include security requirements in service agreements",
          "Conduct regular monitoring of third-party compliance",
          "Schedule quarterly SLA review meetings",
          "Maintain documentation of security assessments"
        ]
      },
      {
        "rank": 3,
        "mistake": "No monitoring or verification of service level compliance",
        "description": "SLAs established but not monitored or verified allowing service degradation without detection",
        "root_cause": [
          "No monitoring procedures implemented",
          "Manual monitoring processes not followed",
          "No dashboards or automated reporting",
          "Lack of resources for ongoing monitoring",
          "Assumption that services will maintain quality"
        ],
        "impact": "Service outages undetected, performance degradation affecting operations, SLA breaches unknown, customer impact",
        "prevention": [
          "Implement automated monitoring of service metrics",
          "Configure alerts for SLA threshold violations",
          "Establish regular reporting of service compliance",
          "Conduct monthly reviews of service levels",
          "Maintain service performance dashboards",
          "Document any SLA breaches and corrective actions"
        ]
      }
    ]
  },
  "audit_requirements": {
    "description": "What auditors will check during ISO 27001 A 8.21 audit",
    "audit_areas": [
      {
        "area": "1. Service Documentation",
        "description": "Verify network services are identified and documented",
        "checks": [
          "Inventory of all network services exists",
          "Service documentation includes purpose and criticality",
          "Service provider documented for third-party services",
          "Service dependencies documented"
        ]
      },
      {
        "area": "2. Security Requirements",
        "description": "Verify security mechanisms and requirements defined",
        "checks": [
          "Security requirements documented for each service",
          "Authentication and authorization requirements documented",
          "Encryption requirements specified",
          "Logging and monitoring requirements defined",
          "Data protection requirements addressed"
        ]
      },
      {
        "area": "3. Service Level Agreements",
        "description": "Verify SLAs established with security and performance metrics",
        "checks": [
          "SLAs documented for all services",
          "SLA includes availability and performance targets",
          "SLA includes security requirements",
          "SLA includes incident response procedures",
          "SLA includes disaster recovery targets"
        ]
      },
      {
        "area": "4. Access Requirements",
        "description": "Verify access policies and procedures documented",
        "checks": [
          "Access policies documented",
          "Authentication requirements specified",
          "Authorization procedures documented",
          "Access types (VPN, wireless, etc.) secured",
          "Access controls tested and verified"
        ]
      },
      {
        "area": "5. Monitoring and Logging",
        "description": "Verify service access and activities are monitored and logged",
        "checks": [
          "Logging of service access implemented",
          "Monitoring of service activities functioning",
          "Alerts configured for security events",
          "Log retention adequate for investigation",
          "Regular log review procedures documented"
        ]
      },
      {
        "area": "6. Service Level Compliance",
        "description": "Verify SLA compliance is monitored and reported",
        "checks": [
          "Service metrics measured regularly",
          "SLA compliance reported to management",
          "Service breaches identified and investigated",
          "Corrective actions taken for breaches",
          "Trend analysis of service performance"
        ]
      },
      {
        "area": "7. Third-Party Service Management",
        "description": "Verify third-party services meet security requirements",
        "checks": [
          "Service agreements include security requirements",
          "Third-party attestations reviewed and current",
          "Third-party SLA compliance monitored",
          "Third-party incidents reported and investigated",
          "Regular communication with service providers"
        ]
      },
      {
        "area": "8. Gambling Operator-Specific Network Services",
        "description": "Verify critical network services secured appropriately",
        "checks": [
          "Game delivery services SLA monitored",
          "Payment processor connectivity secured",
          "Customer account services availability monitored",
          "Regulatory reporting services tested",
          "Backup and recovery services tested"
        ]
      }
    ]
  },
  "ukgc_application": {
    "critical_systems_context": "For gambling operators, network service security is critical for maintaining game availability, protecting customer transactions and ensuring compliance. UKGC expects documented service levels, security requirements and monitoring of critical network services including internal and third-party services.",
    "specific_requirements": [
      "Network service availability targets aligned with business requirements and communicated to UKGC",
      "Game delivery network services with documented SLAs for availability and performance",
      "Payment processor network connections secured with encryption and monitoring",
      "Customer account access network services with security controls and availability requirements",
      "Regulatory reporting network services with reliability and audit trail requirements",
      "Backup and recovery network services with documented recovery time objectives",
      "Third-party service agreements including security requirements and audit rights",
      "Third-party attestations (SOC 2 Type II, ISO 27001) reviewed and maintained",
      "Regular monitoring and reporting of network service SLA compliance",
      "Incident procedures for network service failures affecting customer operations"
    ],
    "compliance_requirement": "Gambling operators must document security requirements and service levels for all network services, implement security mechanisms and monitoring, and demonstrate compliance through regular monitoring and reporting"
  },
  "compliance_notes": {
    "overall_purpose": "Ensure network services meet security requirements and agreed service levels through documented requirements, implementation, monitoring and verification",
    "enforcement_priority": "Important - network service failures can directly impact customer operations and regulatory compliance; security controls must be verified working",
    "key_principles": [
      "All network services identified and documented",
      "Security requirements defined for each service",
      "Service levels established with clear metrics",
      "Security mechanisms implemented and monitored",
      "Access controls and authentication enforced",
      "Logging and monitoring of service access",
      "Regular SLA compliance monitoring and reporting",
      "Third-party security verified through attestations",
      "Regular testing and verification of security"
    ]
  },
  "to_pass_the_audit": {
    "description": "To comply with ISO 27001 Annex A 8.21 Security of Network Services, implement",
    "requirements": [
      "Documented inventory of all internal and external network services",
      "Security requirements defined for each network service",
      "Service level agreements documented with metrics and targets",
      "Access requirements documented (authentication, authorization)",
      "Logging and monitoring of service access implemented",
      "Monitoring procedures established for SLA compliance",
      "Regular reporting of service level compliance to management",
      "Third-party service agreements including security requirements",
      "Third-party attestations (SOC 2 Type II, ISO 27001) reviewed",
      "Security features implemented (encryption, firewalls, etc.)",
      "Different access methods secured and monitored",
      "Testing procedures documented and tests performed",
      "Approval process for new services before deployment",
      "Service breach investigation and notification procedures",
      "Regular meetings with service providers reviewing SLA",
      "Documentation of monitoring results and corrective actions"
    ]
  },
  "related_requirements": {
    "rts_reference": "UK Gambling Commission Remote Technical Standards (RTS) Chapter 4 - Systems and Operational Security",
    "related_controls": [
      {
        "control": "ISO 27001 A 5.15 - Access control",
        "relationship": "Access to network services controlled through access control framework"
      },
      {
        "control": "ISO 27001 A 5.17 - Authentication information",
        "relationship": "Network service access requires authentication implementation"
      },
      {
        "control": "ISO 27001 A 5.18 - Access rights",
        "relationship": "Network service access rights defined and managed"
      },
      {
        "control": "ISO 27001 A 8.20 - Network security",
        "relationship": "Network service security built on broader network security framework"
      },
      {
        "control": "ISO 27001 A 8.16 - Monitoring activities",
        "relationship": "Network service access monitored for security events"
      }
    ]
  },
  "best_practices": {
    "service_identification_best_practices": [
      "Maintain centralized registry of all network services",
      "Categorize services by criticality and sensitivity",
      "Document service dependencies and relationships",
      "Assign ownership to specific departments",
      "Review service inventory quarterly for completeness",
      "Decommission unused services promptly"
    ],
    "sla_management_best_practices": [
      "Define clear, measurable SLA metrics",
      "Establish realistic targets based on business requirements",
      "Include security requirements in SLAs",
      "Specify incident response and escalation procedures",
      "Define penalties for SLA non-compliance",
      "Review and update SLAs annually",
      "Publish SLA status to stakeholders"
    ],
    "third_party_management_best_practices": [
      "Request SOC 2 Type II reports from service providers",
      "Verify ISO 27001 certification where applicable",
      "Include audit rights in service agreements",
      "Schedule quarterly SLA review meetings",
      "Monitor third-party security incidents and patches",
      "Require notification of security breaches",
      "Verify data location and protection requirements"
    ],
    "monitoring_best_practices": [
      "Implement automated monitoring dashboards",
      "Configure alerts for SLA threshold violations",
      "Establish daily or real-time monitoring for critical services",
      "Generate weekly reports on service health",
      "Conduct monthly SLA compliance reviews",
      "Maintain trend analysis of service performance",
      "Document all SLA breaches and resolutions"
    ]
  },
  "gambling_operator_specific_guidance": {
    "game_delivery_network_services": "Network services delivering games to customers must have documented availability targets and performance SLAs. Service level agreements should specify uptime requirements (typically 99.5% or higher) and response time targets. Game delivery network services must be monitored continuously for availability and performance.",
    "payment_processing_network_services": "Payment processor connections must be secured with encryption and have documented SLAs for availability and security incident response. Service agreements with payment processors should include security requirements and audit rights. Third-party attestations from payment processors should be reviewed regularly.",
    "customer_account_network_services": "Network services for customer account access must have availability and performance SLAs. Authentication and authorization controls must be enforced. Access should be monitored for fraud indicators.",
    "regulatory_reporting_network_services": "Network services used for regulatory reporting must have reliability targets and audit trail requirements. Backup connectivity may be required for critical reporting. Service failures must be escalated immediately.",
    "disaster_recovery_and_backup": "Backup and recovery network services must have documented recovery time objectives (RTO) and recovery point objectives (RPO). Regular testing of backup and recovery services must be demonstrated. Third-party disaster recovery services should be verified through testing.",
    "audit_readiness": "To be audit-ready: provide inventory of all network services; provide documented SLAs for each service; provide evidence of SLA compliance monitoring; provide third-party attestations; provide logs of service access and activities; demonstrate monitoring and alerting; provide evidence of regular testing and SLA reviews."
  },
  "document_metadata": {
    "created_date": "2025-01-15",
    "source": "ISO 27001 Annex A 8.21 Security of Network Services Source Document - Converted for UKGC Compliance",
    "ukgc_reference": "Remote Technical Standards (RTS) Chapter 4 - Systems and Operational Security",
    "format": "JSON",
    "version": "1.0",
    "standard_version": "ISO 27001:2022",
    "file_name": "iso-27001-annex-a-8.21-security-of-network-services.json",
    "content_coverage": "Comprehensive coverage of ISO 27001 A.8.21 Security of Network Services control including purpose, definition, implementation requirements, compliance procedures, common mistakes, audit requirements and UKGC-specific application for gambling operators"
  }
}