{
  "jurisdiction": "United Kingdom",
  "regulatory_authority": {
    "name": "UK Gambling Commission",
    "abbreviation": "UKGC",
    "website": "https://www.gamblingcommission.gov.uk"
  },
  "standard_authority": {
    "name": "International Organization for Standardization",
    "abbreviation": "ISO",
    "standard": "ISO/IEC 27001:2022"
  },
  "document_type": "ISO 27001 Security Requirements - Annex A Control",
  "document_reference": "ISO 27001 Annex A 8.17",
  "last_updated": "2025-01-15",
  "legal_status": "mandatory",
  "applies_to_note": "All gambling operators subject to RTS Chapter 4 - Security Requirements",
  "control_category": "Technical Controls",
  "control": {
    "control_id": "ISO_27001_A_8.17",
    "control_number": "A 8.17",
    "control_title": "Clock Synchronisation",
    "control_type": "Detective control",
    "control_purpose": "To ensure all system clocks are synchronised to approved time sources enabling correlation and analysis of security-related events and support for incident investigations",
    "control_objective": "Maintain accurate and consistent time across all information processing systems enabling temporal correlation of events and forensic analysis of security incidents"
  },
  "iso_27001_definition": {
    "official_text": "The clocks of information processing systems used by the organisation should be synchronised to approved time sources.",
    "key_requirements": [
      "Clocks of information processing systems synchronised",
      "Synchronisation to approved time sources",
      "Consistency of time across all systems",
      "Support for event correlation and analysis",
      "Support for incident investigations"
    ]
  },
  "control_purpose_detail": {
    "purpose": "Detective control enabling temporal correlation of security events across multiple systems and supporting forensic investigation of security incidents",
    "scope": [
      "All information processing systems",
      "All networked devices requiring time",
      "Physical security systems requiring time",
      "Application systems recording events",
      "Infrastructure components with clocks"
    ],
    "key_outcome": "Accurate correlation and sequencing of events enabling forensic analysis and investigation"
  },
  "prerequisites": {
    "description": "Before implementing clock synchronisation, foundational requirements must be met",
    "required_prerequisites": [
      {
        "prerequisite": "System Inventory",
        "description": "Complete inventory of all systems requiring time synchronisation",
        "rationale": "Must identify all systems that need to be synchronised",
        "reference": "ISO 27001 A 5.9 - Inventory of information and other associated assets"
      },
      {
        "prerequisite": "Risk Assessment",
        "description": "Risk assessment identifying need for time synchronisation",
        "rationale": "Synchronisation requirements determined through risk assessment",
        "reference": "ISO 27001 A 5.1 - Policies for information security"
      },
      {
        "prerequisite": "Network Infrastructure",
        "description": "Network infrastructure capable of supporting time synchronisation protocol",
        "rationale": "Technical capability to distribute time across systems required",
        "reference": "ISO 27001 A 8.1 - Networks and information processing facilities"
      },
      {
        "prerequisite": "Logging and Monitoring",
        "description": "Logging systems capable of recording accurate event timestamps",
        "rationale": "Time synchronisation enables effective log analysis",
        "reference": "ISO 27001 A 8.15 - Logging"
      }
    ]
  },
  "implementation_requirements": [
    {
      "requirement_id": "A_8.17_REQ_1",
      "requirement": "Identify Synchronisation Requirements",
      "description": "Identify legal, regulatory, contractual and operational requirements for time synchronisation",
      "details": {
        "requirement_sources": [
          "Legal and regulatory requirements specifying time accuracy needs",
          "Contractual obligations to customers or service providers",
          "Statutory requirements in applicable jurisdictions",
          "Industry standards addressing time synchronisation",
          "Internal security policies and procedures",
          "Incident investigation and forensic analysis needs"
        ],
        "gambling_specific_requirements": [
          "Transaction timestamp accuracy for dispute resolution",
          "Wager timestamp accuracy for game outcome verification",
          "Access timestamp accuracy for regulatory compliance",
          "Payment processing timestamp accuracy for reconciliation",
          "Regulatory reporting timestamp accuracy"
        ]
      }
    },
    {
      "requirement_id": "A_8.17_REQ_2",
      "requirement": "Select Approved Time Source",
      "description": "Identify and select appropriate approved time source for organisation",
      "details": {
        "time_source_options": [
          "National atomic clock time broadcast",
          "Global Positioning System (GPS) time signal",
          "Internet time server (NTP pool servers)",
          "Radio time broadcast signal",
          "Dedicated time server appliance",
          "Cloud provider time services"
        ],
        "selection_criteria": [
          "Accuracy required for organisation's systems",
          "Availability and redundancy of time source",
          "Accessibility from organisation's infrastructure",
          "Cost and complexity of implementation",
          "Regulatory or contractual requirements",
          "Organisation size and technical capability"
        ],
        "time_source_verification": [
          "Approved time source documented",
          "Time source traceable to national standard",
          "Time source accuracy specified and verified",
          "Time source redundancy considered",
          "Fallback time source identified for continuity"
        ]
      }
    },
    {
      "requirement_id": "A_8.17_REQ_3",
      "requirement": "Select Time Synchronisation Protocol",
      "description": "Choose appropriate time synchronisation protocol for organisation",
      "details": {
        "synchronisation_protocols": [
          "Network Time Protocol (NTP) - most common for networked systems",
          "Precision Time Protocol (PTP) - higher precision for critical systems",
          "Simple Network Time Protocol (SNTP) - simplified NTP variant",
          "Time synchronisation via GPS receiver",
          "Radio time synchronisation"
        ],
        "protocol_selection": [
          "NTP suitable for most organisations",
          "PTP for systems requiring sub-millisecond precision",
          "GPS for systems requiring high accuracy and independence",
          "Simple protocols acceptable for smaller organisations",
          "Protocol must support required accuracy and reliability"
        ],
        "implementation_approach": [
          "All devices of same type synchronised to same source",
          "Different device types may use different sources",
          "Time differences recorded and documented if devices not synchronised",
          "Clock offset tolerances established and monitored"
        ]
      }
    },
    {
      "requirement_id": "A_8.17_REQ_4",
      "requirement": "Configure Time Synchronisation Infrastructure",
      "description": "Deploy time synchronisation infrastructure across organisation",
      "details": {
        "infrastructure_components": [
          "Central time server or servers receiving approved time source",
          "Network connectivity enabling systems to access time server",
          "NTP/PTP clients on all systems requiring synchronisation",
          "Network infrastructure supporting time protocol traffic",
          "Firewall rules permitting time synchronisation traffic"
        ],
        "configuration_elements": [
          "Time server configured to receive approved time source",
          "Redundant time servers for high availability",
          "Time server stratum configured appropriately",
          "Client systems configured to synchronise to server",
          "Synchronisation polling interval configured",
          "Time accuracy tolerance configured",
          "Monitoring and alerting for synchronisation failures"
        ],
        "scope_of_synchronisation": [
          "All networked information processing systems",
          "Server infrastructure",
          "Desktop and laptop computers",
          "Physical security systems with logging",
          "Building access systems",
          "Surveillance systems",
          "Third-party systems where possible"
        ]
      }
    },
    {
      "requirement_id": "A_8.17_REQ_5",
      "requirement": "Establish Synchronisation Monitoring",
      "description": "Implement monitoring to verify time synchronisation is operating",
      "details": {
        "monitoring_activities": [
          "Regular verification that systems remain synchronised",
          "Monitoring of time server status and availability",
          "Alerts when systems drift out of synchronisation",
          "Alerts when time source becomes unavailable",
          "Monitoring of synchronisation accuracy",
          "Verification that time is advancing normally"
        ],
        "monitoring_frequency": [
          "Continuous monitoring for critical systems",
          "Daily verification for important systems",
          "Weekly verification for standard systems",
          "Immediate escalation if synchronisation fails"
        ],
        "acceptable_time_differences": [
          "Clock accuracy tolerance defined (typically within seconds)",
          "Tolerance documented and justified",
          "Monitoring alerts if tolerance exceeded",
          "Investigation and correction if drift detected"
        ]
      }
    },
    {
      "requirement_id": "A_8.17_REQ_6",
      "requirement": "Document Clock Synchronisation",
      "description": "Maintain documentation of clock synchronisation approach and implementation",
      "details": {
        "documentation_requirements": [
          "Policy or procedure documenting synchronisation requirements",
          "Identification of approved time source",
          "Synchronisation protocol selected and justified",
          "List of systems requiring synchronisation",
          "Time server configuration and settings",
          "Network configuration supporting synchronisation",
          "Acceptable time accuracy tolerances",
          "Monitoring and verification procedures",
          "Contact information for time synchronisation support"
        ],
        "documentation_maintenance": [
          "Documentation kept current as systems change",
          "Updates when new systems added",
          "Updates when time sources change",
          "Version control maintained",
          "Regular review at least annually"
        ]
      }
    },
    {
      "requirement_id": "A_8.17_REQ_7",
      "requirement": "Handle System Clocks Not Synchronised",
      "description": "Address systems that cannot be synchronised to network time source",
      "details": {
        "exceptions_to_synchronisation": [
          "Some legacy systems may not support network time synchronisation",
          "Some physical security systems may have independent clocks",
          "Some third-party systems may not permit synchronisation",
          "Some air-gapped systems may not have network access"
        ],
        "managing_exceptions": [
          "Document systems not synchronised",
          "Record known time differences for identified systems",
          "Mitigate risks of unsynchronised clocks through compensating controls",
          "Include compensating controls in risk assessment",
          "Monitor for opportunities to synchronise additional systems"
        ],
        "compensating_controls": [
          "Manual time synchronisation procedures if possible",
          "Documented procedures for correlating events across systems",
          "Manual correlation procedures for incident investigation",
          "Acceptance of increased investigation difficulty"
        ]
      }
    },
    {
      "requirement_id": "A_8.17_REQ_8",
      "requirement": "Implement Time Synchronisation Testing",
      "description": "Test time synchronisation to verify it is operating correctly",
      "details": {
        "testing_procedures": [
          "Verify time server is receiving and maintaining correct time",
          "Verify client systems are synchronising to time server",
          "Sample systems to verify clock accuracy",
          "Verify synchronisation is continuous",
          "Test fallback to secondary time source if redundancy implemented"
        ],
        "testing_frequency": [
          "Initial testing after implementation",
          "Testing after any configuration changes",
          "Regular periodic testing (monthly or quarterly)",
          "Testing as part of internal audits"
        ],
        "testing_documentation": [
          "Test procedures documented",
          "Test results recorded with dates and findings",
          "Issues identified and remediated",
          "Evidence of testing retained"
        ]
      }
    }
  ],
  "implementation_steps": {
    "steps": [
      {
        "step": 1,
        "action": "Identify clock synchronisation requirements",
        "detail": "Determine legal, regulatory and operational requirements for time synchronisation"
      },
      {
        "step": 2,
        "action": "Assess current clock implementations",
        "detail": "Inventory all systems with clocks and current synchronisation status"
      },
      {
        "step": 3,
        "action": "Select approved time source",
        "detail": "Choose appropriate time source based on accuracy and availability requirements"
      },
      {
        "step": 4,
        "action": "Select synchronisation protocol",
        "detail": "Choose NTP, PTP or other protocol appropriate for organisation"
      },
      {
        "step": 5,
        "action": "Design synchronisation infrastructure",
        "detail": "Plan time server architecture and network configuration"
      },
      {
        "step": 6,
        "action": "Implement time servers",
        "detail": "Deploy central time servers receiving approved time source"
      },
      {
        "step": 7,
        "action": "Configure client systems",
        "detail": "Configure all systems to synchronise to time server"
      },
      {
        "step": 8,
        "action": "Verify synchronisation operation",
        "detail": "Test that systems are synchronised correctly"
      },
      {
        "step": 9,
        "action": "Implement monitoring",
        "detail": "Deploy monitoring to verify synchronisation remains operational"
      },
      {
        "step": 10,
        "action": "Document and test procedures",
        "detail": "Document procedures and conduct internal audit testing"
      }
    ]
  },
  "compliance_checklist": {
    "description": "Steps to comply with ISO 27001 Annex A 8.17",
    "checklist": [
      {
        "item": "Clock synchronisation requirements identified and documented",
        "status": "required"
      },
      {
        "item": "Approved time source selected and documented",
        "status": "required"
      },
      {
        "item": "Synchronisation protocol selected and documented",
        "status": "required"
      },
      {
        "item": "Central time servers deployed receiving approved time source",
        "status": "required"
      },
      {
        "item": "All relevant systems configured to synchronise to time server",
        "status": "required"
      },
      {
        "item": "Time synchronisation verified operating correctly",
        "status": "required"
      },
      {
        "item": "Monitoring implemented to verify synchronisation continues",
        "status": "required"
      },
      {
        "item": "Time accuracy tolerances defined and documented",
        "status": "required"
      },
      {
        "item": "Exceptions for systems not synchronised documented",
        "status": "required"
      },
      {
        "item": "Testing procedures defined and documented",
        "status": "required"
      },
      {
        "item": "Internal audit testing conducted and documented",
        "status": "required"
      },
      {
        "item": "Procedures for incident investigation using timestamps documented",
        "status": "required"
      }
    ]
  },
  "common_mistakes": {
    "description": "Top 3 mistakes organizations make with clock synchronisation",
    "mistakes": [
      {
        "rank": 1,
        "mistake": "Overlooking systems requiring time synchronisation",
        "description": "Synchronising network servers and computers but overlooking physical security systems, surveillance systems, building access systems and other devices with clocks",
        "root_cause": [
          "Incomplete system inventory",
          "Assumption that only IT systems need synchronisation",
          "Physical and security systems managed separately from IT",
          "Lack of comprehensive planning across all departments",
          "Physical systems not considered as information processing systems"
        ],
        "impact": "Inability to correlate events across all systems for incident investigation, forensic evidence gaps, audit failures",
        "prevention": [
          "Conduct comprehensive inventory of all devices with clocks",
          "Include physical security systems in synchronisation planning",
          "Include surveillance and monitoring systems",
          "Coordinate between IT, physical security and other departments",
          "Review entire organisation for clock-bearing devices"
        ]
      },
      {
        "rank": 2,
        "mistake": "Selecting unreliable or inaccessible time sources",
        "description": "Choosing time sources that are unreliable, have poor accuracy or are not accessible from organisation's infrastructure",
        "root_cause": [
          "Insufficient technical evaluation of time sources",
          "Cost-cutting without considering reliability",
          "Not testing time source accessibility",
          "Not considering redundancy or failover options",
          "Selecting distant or unreliable internet NTP servers"
        ],
        "impact": "Systems drift out of synchronisation, loss of time accuracy, inability to correlate events, failed incident investigations",
        "prevention": [
          "Evaluate multiple time source options carefully",
          "Test accessibility and accuracy before implementation",
          "Consider redundancy and failover options",
          "Use reputable time source providers",
          "Verify time source accuracy regularly",
          "Implement local fallback time source"
        ]
      },
      {
        "rank": 3,
        "mistake": "Lack of monitoring and verification of synchronisation",
        "description": "Implementing time synchronisation but not monitoring whether systems remain synchronised or detecting when synchronisation fails",
        "root_cause": [
          "Assumption that synchronisation will work continuously",
          "No monitoring implemented to verify operation",
          "No alerts when synchronisation fails",
          "No periodic verification procedures",
          "No documentation of synchronisation status"
        ],
        "impact": "Systems drift out of synchronisation undetected, events recorded with inconsistent timestamps, incident investigation compromised",
        "prevention": [
          "Implement monitoring to verify synchronisation status",
          "Configure alerts for synchronisation failures",
          "Conduct regular periodic verification tests",
          "Document synchronisation status regularly",
          "Include synchronisation monitoring in incident response procedures",
          "Conduct internal audits of synchronisation operation"
        ]
      }
    ]
  },
  "audit_requirements": {
    "description": "What auditors will check during ISO 27001 A 8.17 audit",
    "audit_areas": [
      {
        "area": "1. Documentation of Requirements and Implementation",
        "description": "Verify documented clock synchronisation requirements and approach",
        "checks": [
          "Policy or procedure documenting synchronisation approach exists",
          "Approved time source identified and documented",
          "Synchronisation protocol selected and documented",
          "Time accuracy tolerance documented and justified",
          "List of systems requiring synchronisation documented",
          "Systems not synchronised identified and exceptions documented"
        ]
      },
      {
        "area": "2. Time Source and Infrastructure",
        "description": "Verify appropriate time source selected and infrastructure implemented",
        "checks": [
          "Time source approved and appropriate for organisation",
          "Time source accuracy verified",
          "Time server infrastructure deployed",
          "Time servers receiving and maintaining correct time",
          "Network configuration supporting time synchronisation",
          "Firewall rules permitting synchronisation traffic"
        ]
      },
      {
        "area": "3. System Configuration",
        "description": "Verify systems are configured to synchronise to time server",
        "checks": [
          "Sample of systems verified to be synchronised",
          "Client systems configured with time server address",
          "Synchronisation protocol configured correctly",
          "Synchronisation polling interval appropriate",
          "Time accuracy tolerance within acceptable range"
        ]
      },
      {
        "area": "4. Monitoring and Verification",
        "description": "Verify synchronisation is monitored and verified",
        "checks": [
          "Monitoring implemented to verify synchronisation",
          "Alerts configured for synchronisation failures",
          "Time server status monitored",
          "Regular verification procedures documented",
          "Periodic testing conducted and documented",
          "Synchronisation failures detected and corrected"
        ]
      },
      {
        "area": "5. Incident Investigation Use",
        "description": "Verify time synchronisation supports incident investigation",
        "checks": [
          "Procedures documented for using timestamps in investigation",
          "Logs captured with accurate timestamps",
          "Event correlation procedures documented",
          "Sample incident investigation verified to use timestamps",
          "Timestamp accuracy enabled forensic analysis"
        ]
      },
      {
        "area": "6. Gambling Operator-Specific Implementation",
        "description": "Verify time synchronisation supports gambling operations",
        "checks": [
          "Transaction system clocks synchronised",
          "Wager recording timestamps accurate",
          "Payment system timestamps consistent",
          "Game outcome recording timestamps reliable",
          "Regulatory reporting timestamps traceable to synchronised clocks"
        ]
      }
    ]
  },
  "ukgc_application": {
    "critical_systems_context": "For gambling operators, accurate time synchronisation is critical for transaction integrity, regulatory compliance and incident investigation. UKGC expects that all times recorded for transactions, wagers and game outcomes are accurate and can be verified. Time synchronisation supports accurate regulatory reporting and enables investigation of disputes and suspected breaches.",
    "specific_requirements": [
      "All transaction system clocks synchronised to approved time source ensuring transaction timestamps are accurate",
      "Wager recording systems synchronised so game outcome verification is temporally consistent",
      "Payment processing systems synchronised ensuring payment timestamps are reliable for reconciliation",
      "Access control systems synchronised so access audit trails correlate with system activities",
      "Game server clocks synchronised ensuring game outcome timestamps are accurate",
      "Customer account access timestamps accurate for investigating unauthorised access claims",
      "Surveillance and physical security systems synchronised enabling correlation with system events",
      "All log timestamps traceable to synchronised time source",
      "Time synchronisation sufficient to support UKGC investigation of disputes and allegations"
    ],
    "compliance_requirement": "Gambling operators must implement time synchronisation across all critical systems ensuring accurate and consistent time for transaction recording, event logging and incident investigation to support UKGC compliance and regulatory reporting"
  },
  "compliance_notes": {
    "overall_purpose": "Enable accurate temporal correlation of events across systems supporting incident investigation, forensic analysis and regulatory compliance",
    "enforcement_priority": "Important - time synchronisation is foundation for incident investigation; poor synchronisation undermines investigation ability",
    "key_principles": [
      "All system clocks synchronised to approved time source",
      "Time synchronisation accurate enough for event correlation",
      "Synchronisation includes all systems with clocks",
      "Synchronisation monitored to verify continuous operation",
      "Synchronisation tested regularly to verify accuracy",
      "Time differences documented and mitigated if exceptions exist",
      "Synchronisation supports incident investigation procedures"
    ]
  },
  "to_pass_the_audit": {
    "description": "To comply with ISO 27001 Annex A 8.17 Clock Synchronisation, implement",
    "requirements": [
      "Documented clock synchronisation requirements and approach approved by management",
      "Approved time source identified and documented",
      "Synchronisation protocol selected and documented",
      "Central time server(s) deployed receiving approved time source",
      "All relevant information processing systems configured to synchronise to time server",
      "Time accuracy tolerance defined and documented",
      "Time synchronisation verified operating correctly",
      "Monitoring implemented to verify synchronisation continues",
      "Alerts configured for synchronisation failures",
      "Systems not synchronised identified and exceptions documented",
      "Testing procedures documented for verifying synchronisation",
      "Internal audit testing conducted and documented",
      "Evidence that time synchronisation supports incident investigation",
      "Procedures documented for using timestamps in event correlation",
      "Regular verification that systems remain synchronised",
      "Issues detected and corrected promptly"
    ]
  },
  "related_requirements": {
    "rts_reference": "UK Gambling Commission Remote Technical Standards (RTS) Chapter 4 - Systems and Operational Security",
    "related_controls": [
      {
        "control": "ISO 27001 A 8.1 - Networks and information processing facilities",
        "relationship": "Network infrastructure supports time synchronisation protocol traffic"
      },
      {
        "control": "ISO 27001 A 8.15 - Logging",
        "relationship": "Accurate timestamps in logs depend on clock synchronisation"
      },
      {
        "control": "ISO 27001 A 8.16 - Event monitoring",
        "relationship": "Event correlation and analysis requires synchronised clocks"
      },
      {
        "control": "ISO 27001 A 5.26 - Incident management",
        "relationship": "Incident investigation depends on accurate clock synchronisation"
      }
    ]
  },
  "best_practices": {
    "time_source_best_practices": [
      "Use national atomic clock time or GPS time as primary source",
      "Implement redundant time servers for high availability",
      "Use stratum-1 time servers where possible",
      "Test time source accuracy before relying on it",
      "Monitor time source status continuously",
      "Implement failover to secondary time source",
      "For smaller organisations, use reliable internet NTP server pool"
    ],
    "implementation_best_practices": [
      "Include all systems with clocks in synchronisation planning",
      "Use Network Time Protocol (NTP) for most systems",
      "Consider Precision Time Protocol (PTP) for systems requiring high accuracy",
      "Synchronise all systems to same time source where possible",
      "Document and mitigate exceptions for systems not synchronised",
      "Define and enforce maximum acceptable clock drift tolerance",
      "Implement network architecture supporting synchronisation"
    ],
    "monitoring_best_practices": [
      "Implement continuous monitoring of time server status",
      "Configure alerts for synchronisation failures",
      "Monitor client systems for time drift exceeding tolerance",
      "Sample systems monthly to verify synchronisation",
      "Include synchronisation in system health monitoring",
      "Generate reports on synchronisation status",
      "Correlate time server issues with system problems"
    ],
    "testing_best_practices": [
      "Test time synchronisation during implementation",
      "Test failover to secondary time source",
      "Conduct periodic sampling of system clocks to verify accuracy",
      "Test time synchronisation recovery after network outage",
      "Include synchronisation in disaster recovery testing",
      "Document all testing with dates and results",
      "Verify system clock accuracy matches time server"
    ]
  },
  "gambling_operator_specific_guidance": {
    "transaction_timestamp_accuracy": "For gambling operators, transaction timestamp accuracy is critical for dispute resolution and regulatory compliance. All customer transactions including wagers, payouts and account changes must be recorded with timestamps traceable to synchronised clocks. Timestamp accuracy should be sufficient to support millisecond-level precision for high-volume betting systems. Transaction timestamp accuracy must be verified through testing and audit.",
    "game_outcome_integrity": "Game outcome timestamps recorded at the moment outcome is determined must be from synchronised clocks. This ensures game outcome verification can correlate outcome timestamp with corresponding wager timestamp and customer claim. Synchronised timestamps support demonstrating game integrity when disputes arise.",
    "payment_reconciliation": "Payment system clocks must be synchronised to enable accurate reconciliation of transactions between internal systems, payment processors and customer accounts. Timestamp discrepancies can complicate reconciliation and must be avoided through clock synchronisation.",
    "access_audit_trails": "Access to customer accounts, customer data and sensitive systems must be recorded with timestamps from synchronised clocks. This enables correlation of access audit trails with transaction logs to investigate suspicious access patterns.",
    "regulatory_reporting": "All timestamps in regulatory reports must be traceable to synchronised clocks. Reports to UKGC must be able to demonstrate that reported timestamps are accurate and consistent.",
    "audit_readiness": "To be audit-ready for UKGC examination, gambling operators should: document clock synchronisation requirements and approved time source; implement synchronisation across all transaction and security systems; verify synchronisation is operating; demonstrate monitoring and testing; document how synchronisation supports incident investigation; and provide evidence of timestamp accuracy in sample logs and reports."
  },
  "document_metadata": {
    "created_date": "2025-01-15",
    "source": "ISO 27001 Annex A 8.17 Clock Synchronisation Source Document - Converted for UKGC Compliance",
    "ukgc_reference": "Remote Technical Standards (RTS) Chapter 4 - Systems and Operational Security",
    "format": "JSON",
    "version": "1.0",
    "standard_version": "ISO 27001:2022",
    "file_name": "iso-27001-annex-a-8.17-clock-synchronisation.json",
    "content_coverage": "Comprehensive coverage of ISO 27001 A.8.17 Clock Synchronisation control including purpose, definition, implementation requirements, compliance procedures, common mistakes, audit requirements and UKGC-specific application for gambling operators"
  }
}