{
  "jurisdiction": "United Kingdom",
  "regulatory_authority": {
    "name": "UK Gambling Commission",
    "abbreviation": "UKGC",
    "website": "https://www.gamblingcommission.gov.uk"
  },
  "document_type": "Master Regulatory Index",
  "document_reference": "MRI-2024",
  "last_updated": "2025-10-21",
  "document_purpose": "Provides comprehensive index and cross-reference mapping of all LCCP, ISO 27001 Annex A, and RTS regulatory documents",

  "regulatory_frameworks": {
    "total_documents": 65,
    "frameworks": [
      {
        "framework_id": "lccp",
        "framework_name": "Licence Conditions and Codes of Practice (LCCP)",
        "jurisdiction": "United Kingdom",
        "regulatory_authority": "UK Gambling Commission",
        "description": "Primary UK gambling regulatory framework specifying operating conditions, personal licence requirements, and best practice guidance",
        "document_count": 4,
        "documents": [
          {
            "doc_id": "lccp_olc",
            "filename": "lccp-operating-licence-conditions-complete.json",
            "title": "Operating Licence Conditions",
            "description": "Mandatory conditions for operators holding UKGC operating licences",
            "sections": 17,
            "size_approx": "35 KB",
            "document_type": "Mandatory Conditions",
            "applies_to": "All operating licence holders",
            "created": "2025-10-17"
          },
          {
            "doc_id": "lccp_cop",
            "filename": "lccp-code-of-practice-provisions-complete.json",
            "title": "Code of Practice Provisions",
            "description": "Guidance and best practice provisions organized in 17 sections covering cooperation, financial requirements, customer protection",
            "sections": 17,
            "size_approx": "94 KB",
            "document_type": "Guidance (SR Code & Ordinary Code)",
            "applies_to": "All licence holders",
            "created": "2025-10-21"
          },
          {
            "doc_id": "lccp_plc",
            "filename": "lccp-personal-licence-conditions-complete.json",
            "title": "Personal Licence Conditions",
            "description": "Mandatory conditions for personal licence holders including notification requirements and fitness & propriety standards",
            "sections": 1,
            "subsections": 3,
            "size_approx": "23 KB",
            "document_type": "Mandatory Conditions",
            "applies_to": "All personal licence holders",
            "created": "2025-10-21"
          },
          {
            "doc_id": "lccp_dot",
            "filename": "lccp-definitions-of-terms-complete.json",
            "title": "Definition of Terms",
            "description": "Standardized definitions of 22 key terms used throughout LCCP framework and related regulatory documents",
            "definitions_count": 22,
            "categories": 5,
            "size_approx": "22 KB",
            "document_type": "Reference",
            "applies_to": "All regulatory documents",
            "created": "2025-10-21"
          }
        ],
        "framework_hierarchy": "Top-level regulatory requirements",
        "primary_use": "Compliance baseline for all gambling operators",
        "relationship_to_other_frameworks": "LCCP sets business/regulatory requirements; ISO 27001 provides security implementation methodology; RTS specifies technical detail"
      },
      {
        "framework_id": "iso27001",
        "framework_name": "ISO 27001:2022 Annex A Controls",
        "jurisdiction": "International (adopted by UK)",
        "regulatory_authority": "International Organization for Standardization (adapted for UK Gambling Commission)",
        "description": "International information security management system standard. 50+ controls organized in 14 clauses covering organizational, people, physical, and technology controls",
        "document_count": 40,
        "standard_reference": "ISO/IEC 27001:2022",
        "applies_to_ukgc": "Required for critical gambling systems under RTS Chapter 4",
        "documents_by_section": [
          {
            "section_id": "iso_5",
            "section_name": "Organizational Controls (Section 5)",
            "control_count": 23,
            "controls": [
              {
                "control_id": "A_5.1",
                "filename": "iso-27001-annex-a-5.1-policies-for-information-security.json",
                "title": "Policies for Information Security",
                "created": "2025-10-12"
              },
              {
                "control_id": "A_5.15",
                "filename": "iso-27001-annex-a-5.15-access-control.json",
                "title": "Access Control"
              },
              {
                "control_id": "A_5.16",
                "filename": "iso-27001-annex-a-5.16-identity-management.json",
                "title": "Identity Management"
              },
              {
                "control_id": "A_5.17",
                "filename": "iso-27001-annex-a-5.17-authentication-information.json",
                "title": "Authentication Information"
              },
              {
                "control_id": "A_5.18",
                "filename": "iso-27001-annex-a-5.18-access-rights.json",
                "title": "Access Rights"
              },
              {
                "control_id": "A_5.19",
                "filename": "iso-27001-annex-a-5.19-supplier-relationships.json",
                "title": "Supplier Relationships"
              },
              {
                "control_id": "A_5.20",
                "filename": "iso-27001-annex-a-5.20-supplier-agreements.json",
                "title": "Supplier Agreements"
              },
              {
                "control_id": "A_5.21",
                "filename": "iso-27001-annex-a-5.21-ict-supply-chain.json",
                "title": "ICT Supply Chain"
              },
              {
                "control_id": "A_5.22",
                "filename": "iso-27001-annex-a-5.22-supplier-monitoring.json",
                "title": "Supplier Monitoring"
              },
              {
                "control_id": "A_5.23",
                "filename": "iso-27001-annex-a-5.23-cloud-services.json",
                "title": "Cloud Services"
              },
              {
                "control_id": "A_5.24",
                "filename": "iso-27001-annex-a-5.24-incident-management-planning.json",
                "title": "Incident Management Planning"
              },
              {
                "control_id": "A_5.25",
                "filename": "iso-27001-annex-a-5.25-event-assessment.json",
                "title": "Event Assessment"
              },
              {
                "control_id": "A_5.26",
                "filename": "iso-27001-annex-a-5.26-incident-response.json",
                "title": "Incident Response"
              },
              {
                "control_id": "A_5.28",
                "filename": "iso-27001-annex-a-5.28-collection-of-evidence.json",
                "title": "Collection of Evidence"
              },
              {
                "control_id": "A_5.35",
                "filename": "iso-27001-annex-a-5.35-independent-review-of-information-security.json",
                "title": "Independent Review of Information Security"
              }
            ]
          },
          {
            "section_id": "iso_6",
            "section_name": "People Controls (Section 6)",
            "control_count": 8,
            "controls": [
              {
                "control_id": "A_6.3",
                "filename": "iso-27001-annex-a-6.3-information-security-awareness-education-and-training.json",
                "title": "Information Security Awareness, Education and Training"
              },
              {
                "control_id": "A_6.5",
                "filename": "iso-27001-annex-a-6.5-responsibilities-after-termination-or-change-of-employment.json",
                "title": "Responsibilities After Termination or Change of Employment"
              },
              {
                "control_id": "A_6.7",
                "filename": "iso-27001-annex-a-6.7-remote-working.json",
                "title": "Remote Working"
              },
              {
                "control_id": "A_6.8",
                "filename": "iso-27001-annex-a-6.8-information-security-event-reporting.json",
                "title": "Information Security Event Reporting"
              }
            ]
          },
          {
            "section_id": "iso_7",
            "section_name": "Physical Controls (Section 7)",
            "control_count": 14,
            "controls": [
              {
                "control_id": "A_7.1",
                "filename": "iso-27001-annex-a-7.1-user-endpoint-device-security.json",
                "title": "User Endpoint Device Security"
              },
              {
                "control_id": "A_7.3",
                "filename": "iso-27001-annex-a-7.3-information-access-restrictions.json",
                "title": "Information Access Restrictions"
              },
              {
                "control_id": "A_7.9",
                "filename": "iso-27001-annex-a-7.9-security-of-assets-off-premises.json",
                "title": "Security of Assets Off-Premises"
              },
              {
                "control_id": "A_7.10",
                "filename": "iso-27001-annex-a-7.10-storage-media.json",
                "title": "Storage Media"
              },
              {
                "control_id": "A_7.14",
                "filename": "iso-27001-annex-a-7.14-secure-disposal-or-re-use-of-equipment.json",
                "title": "Secure Disposal or Re-Use of Equipment"
              }
            ]
          },
          {
            "section_id": "iso_8",
            "section_name": "Technology Controls (Section 8)",
            "control_count": 33,
            "controls": [
              {
                "control_id": "A_8.1",
                "filename": "iso-27001-annex-a-8.1-user-endpoint-device-security.json",
                "title": "User Endpoint Device Security"
              },
              {
                "control_id": "A_8.2",
                "filename": "iso-27001-annex-a-8.2-privileged-access-rights.json",
                "title": "Privileged Access Rights"
              },
              {
                "control_id": "A_8.5",
                "filename": "iso-27001-annex-a-8.5-secure-authentication.json",
                "title": "Secure Authentication"
              },
              {
                "control_id": "A_8.7",
                "filename": "iso-27001-annex-a-8.7-protection-against-malware.json",
                "title": "Protection Against Malware"
              },
              {
                "control_id": "A_8.13",
                "filename": "iso-27001-annex-a-8.13-information-backup.json",
                "title": "Information Backup"
              },
              {
                "control_id": "A_8.15",
                "filename": "iso-27001-annex-a-8.15-logging.json",
                "title": "Logging"
              },
              {
                "control_id": "A_8.17",
                "filename": "iso-27001-annex-a-8.17-clock-synchronisation.json",
                "title": "Clock Synchronisation"
              },
              {
                "control_id": "A_8.18",
                "filename": "iso-27001-annex-a-8.18-use-of-privilege-utility-programs.json",
                "title": "Use of Privilege Utility Programs"
              },
              {
                "control_id": "A_8.20",
                "filename": "iso-27001-annex-a-8.20-network-security.json",
                "title": "Network Security"
              },
              {
                "control_id": "A_8.21",
                "filename": "iso-27001-annex-a-8.21-security-of-network-services.json",
                "title": "Security of Network Services"
              },
              {
                "control_id": "A_8.22",
                "filename": "iso-27001-annex-a-8.22-segmentation-of-networks.json",
                "title": "Segmentation of Networks"
              },
              {
                "control_id": "A_8.24",
                "filename": "iso-27001-annex-a-8.24-use-of-cryptography.json",
                "title": "Use of Cryptography"
              },
              {
                "control_id": "A_8.25",
                "filename": "iso-27001-annex-a-8.25-secure-development-life-cycle.json",
                "title": "Secure Development Life Cycle"
              },
              {
                "control_id": "A_8.26",
                "filename": "iso-27001-annex-a-8.26-application-security-requirements.json",
                "title": "Application Security Requirements"
              },
              {
                "control_id": "A_8.27",
                "filename": "iso-27001-annex-a-8.27-secure-systems-architecture-and-engineering-principles.json",
                "title": "Secure Systems Architecture and Engineering Principles"
              },
              {
                "control_id": "A_8.29",
                "filename": "iso-27001-annex-a-8.29-security-testing-in-development-and-acceptance.json",
                "title": "Security Testing in Development and Acceptance"
              },
              {
                "control_id": "A_8.30",
                "filename": "iso-27001-annex-a-8.30-outsourced-development.json",
                "title": "Outsourced Development"
              },
              {
                "control_id": "A_8.31",
                "filename": "iso-27001-annex-a-8.31-separation-of-development-test-and-production-environments.json",
                "title": "Separation of Development, Test and Production Environments"
              },
              {
                "control_id": "A_8.32",
                "filename": "iso-27001-annex-a-8.32-change-management.json",
                "title": "Change Management"
              },
              {
                "control_id": "A_8.33",
                "filename": "iso-27001-annex-a-8.33-test-information.json",
                "title": "Test Information"
              }
            ]
          }
        ],
        "framework_hierarchy": "Implementation methodology for regulatory requirements",
        "primary_use": "Ensure security of critical gambling systems",
        "regulatory_requirement": "Mandatory for critical systems under RTS Chapter 4"
      },
      {
        "framework_id": "rts",
        "framework_name": "Remote Technical Standards (RTS)",
        "jurisdiction": "United Kingdom",
        "regulatory_authority": "UK Gambling Commission",
        "description": "Gambling-specific technical standards for remote gambling systems. 17 chapters covering system requirements, data protection, RNG certification, and operational controls",
        "document_count": 17,
        "applies_to": "All remote gambling operators",
        "documents": [
          {
            "rts_id": "rts_01",
            "filename": "rts-01-customer-account-information.json",
            "title": "Customer Account Information",
            "chapter": 1,
            "description": "Requirements for customer account data, balance tracking, and transaction recording"
          },
          {
            "rts_id": "rts_02",
            "filename": "rts-02-displaying-transactions.json",
            "title": "Displaying Transactions",
            "chapter": 2,
            "description": "Requirements for transaction display, statement generation, and customer transparency"
          },
          {
            "rts_id": "rts_03",
            "filename": "rts-03-rules-game-descriptions-winning-likelihood.json",
            "title": "Rules, Game Descriptions, Winning Likelihood",
            "chapter": 3,
            "description": "Requirements for game rules disclosure, odds transparency, and RTP statements"
          },
          {
            "rts_id": "rts_04",
            "filename": "rts-04-time-critical-events.json",
            "title": "Time Critical Events",
            "chapter": 4,
            "description": "Requirements for time-sensitive operations and event recording"
          },
          {
            "rts_id": "rts_05",
            "filename": "rts-05-result-determination.json",
            "title": "Result Determination",
            "chapter": 5,
            "description": "Requirements for fair result determination and outcome recording"
          },
          {
            "rts_id": "rts_06",
            "filename": "rts-06-result-determination-play-for-free.json",
            "title": "Result Determination (Play-for-Free)",
            "chapter": 6,
            "description": "Requirements for free-to-play games and demonstration versions"
          },
          {
            "rts_id": "rts_07",
            "filename": "rts-07-generation-random-outcomes.json",
            "title": "Generation of Random Outcomes",
            "chapter": 7,
            "description": "Requirements for RNG implementation, certification, and testing"
          },
          {
            "rts_id": "rts_08",
            "filename": "rts-08-auto-play-functionality.json",
            "title": "Auto-Play Functionality",
            "chapter": 8,
            "description": "Requirements for automated play features and player controls"
          },
          {
            "rts_id": "rts_09",
            "filename": "rts-09-progressive-jackpot-system.json",
            "title": "Progressive Jackpot System",
            "chapter": 9,
            "description": "Requirements for progressive prize accumulation and fairness"
          },
          {
            "rts_id": "rts_10",
            "filename": "rts-10-interrupted-gambling.json",
            "title": "Interrupted Gambling",
            "chapter": 10,
            "description": "Requirements for interrupted sessions and recovery procedures"
          },
          {
            "rts_id": "rts_11",
            "filename": "rts-11-limiting-collusion-and-cheating.json",
            "title": "Limiting Collusion and Cheating",
            "chapter": 11,
            "description": "Requirements for fraud prevention and integrity controls"
          },
          {
            "rts_id": "rts_12",
            "filename": "rts-12-financial-limits.json",
            "title": "Financial Limits",
            "chapter": 12,
            "description": "Requirements for betting limits, stake controls, and financial safeguards"
          },
          {
            "rts_id": "rts_13",
            "filename": "rts-13-time-requirements-and-reality-checks.json",
            "title": "Time Requirements and Reality Checks",
            "chapter": 13,
            "description": "Requirements for session monitoring and player alerts"
          },
          {
            "rts_id": "rts_14",
            "filename": "rts-14-responsible-product-design.json",
            "title": "Responsible Product Design",
            "chapter": 14,
            "description": "Requirements for harm minimization in game design"
          },
          {
            "rts_id": "rts_15",
            "filename": "rts-15-in-play-betting.json",
            "title": "In-Play Betting",
            "chapter": 15,
            "description": "Requirements for live/in-play betting operations"
          },
          {
            "rts_id": "rts_16",
            "filename": "rts-16-use-of-third-party-software.json",
            "title": "Use of Third-Party Software",
            "chapter": 16,
            "description": "Requirements for third-party software integration and testing"
          },
          {
            "rts_id": "rts_17",
            "filename": "rts-17-live-dealer-studios.json",
            "title": "Live Dealer Studios",
            "chapter": 17,
            "description": "Requirements for live dealer gaming operations"
          }
        ],
        "framework_hierarchy": "Detailed technical specifications",
        "primary_use": "Technical implementation of regulatory requirements",
        "regulatory_requirement": "Mandatory for remote gambling systems",
        "relationship_note": "Implements LCCP requirements using ISO 27001 security framework"
      }
    ]
  },

  "framework_relationships": {
    "regulatory_hierarchy": [
      {
        "level": 1,
        "name": "LCCP (Business Requirements)",
        "description": "What operators must do - regulatory obligations and best practices",
        "documents": 4,
        "examples": ["Comply with licensing conditions", "Implement responsible gambling measures", "Protect customer funds"]
      },
      {
        "level": 2,
        "name": "ISO 27001 (Security Methodology)",
        "description": "How to achieve LCCP requirements - security implementation framework",
        "documents": 40,
        "examples": ["Establish information security policies", "Implement access controls", "Manage incidents"]
      },
      {
        "level": 3,
        "name": "RTS (Technical Specifications)",
        "description": "Detailed technical specifications for gambling systems",
        "documents": 17,
        "examples": ["RNG certification requirements", "Customer account data formats", "Transaction recording specifications"]
      }
    ],
    "integration_model": {
      "description": "How frameworks work together",
      "flow": "LCCP requirement → ISO 27001 control → RTS technical specification",
      "example": {
        "lccp_requirement": "Protect customer funds (LCCP 4.1.1)",
        "iso27001_controls": [
          "A_5.1 (Information Security Policies)",
          "A_8.24 (Cryptography)",
          "A_8.15 (Logging)"
        ],
        "rts_specifications": [
          "RTS-01 (Customer Account Information)",
          "RTS-05 (Result Determination)"
        ]
      }
    }
  },

  "cross_reference_mapping": {
    "description": "Links between related requirements across frameworks",
    "mapping_examples": [
      {
        "lccp_provision": "3.1.1 - Combating problem gambling",
        "iso27001_controls": [
          "A_5.1 - Policies for Information Security (establishes problem gambling policies)",
          "A_6.3 - Awareness and Training (staff training on harm minimization)"
        ],
        "rts_specifications": [
          "RTS-12 - Financial Limits (betting limit implementation)",
          "RTS-13 - Time Requirements (session monitoring)"
        ]
      },
      {
        "lccp_provision": "4.1.1 - Protection of customer funds",
        "iso27001_controls": [
          "A_8.24 - Use of Cryptography (fund encryption)",
          "A_8.15 - Logging (transaction audit trails)",
          "A_8.2 - Privileged Access Rights (funds access control)"
        ],
        "rts_specifications": [
          "RTS-01 - Customer Account Information (balance tracking)",
          "RTS-02 - Displaying Transactions (transaction records)"
        ]
      },
      {
        "lccp_provision": "3.2.11 - Remote age verification SR code",
        "iso27001_controls": [
          "A_5.1 - Policies for Information Security (age verification policies)",
          "A_8.5 - Secure Authentication (identity verification systems)"
        ],
        "rts_specifications": [
          "RTS-01 - Customer Account Information (customer data validation)"
        ]
      },
      {
        "lccp_provision": "Personal Licence 1.1.2 - Keep informed of regulatory developments",
        "iso27001_controls": [
          "A_6.3 - Awareness and Training (ongoing professional development)"
        ],
        "rts_specifications": []
      }
    ]
  },

  "query_guidance": {
    "mcp_query_patterns": [
      {
        "user_query": "What are my obligations for protecting customer funds?",
        "search_approach": "Start with LCCP → Find supporting ISO 27001 → Find technical RTS specs",
        "expected_results": ["LCCP 4.1.1", "ISO 27001 A_8.24, A_8.15", "RTS-01, RTS-02"]
      },
      {
        "user_query": "How do I implement responsible gambling controls?",
        "search_approach": "Start with LCCP → Find relevant CoP guidance → Find ISO 27001 support → Find RTS detail",
        "expected_results": ["LCCP 3.1.1, 3.4.3", "ISO 27001 A_5.1, A_6.3", "RTS-12, RTS-13"]
      },
      {
        "user_query": "What are the technical requirements for RNG systems?",
        "search_approach": "Start with RTS → Link back to ISO 27001 → Link back to LCCP",
        "expected_results": ["RTS-07", "ISO 27001 A_8.27, A_8.29", "LCCP CoP 9.1.1"]
      },
      {
        "user_query": "What personal licence obligations do I have?",
        "search_approach": "Start with Personal Licence Conditions → Find supporting ISO 27001 → Cross-reference LCCP",
        "expected_results": ["LCCP Personal Licence 1.1.1, 1.1.2, 1.2.1"]
      }
    ]
  },

  "document_inventory": {
    "total_count": 65,
    "by_framework": {
      "lccp": 4,
      "iso_27001": 40,
      "rts": 17,
      "master_index": 1
    },
    "by_type": {
      "mandatory_conditions": 42,
      "guidance_best_practice": 17,
      "reference_reference": 5,
      "technical_specifications": 17,
      "index": 1
    },
    "coverage": {
      "operational_areas": 17,
      "security_controls": 50,
      "technical_standards": 17
    }
  },

  "compliance_framework": {
    "key_principles": [
      "LCCP establishes regulatory obligations for UK gambling operators",
      "ISO 27001 provides the security framework for implementing LCCP requirements",
      "RTS specifies technical details for gambling-specific systems",
      "All three frameworks work together as integrated compliance model",
      "Operators must comply with all applicable requirements across all frameworks",
      "Requirements are not duplicative but complementary"
    ]
  },

  "usage_notes": {
    "mcp_integration": "This index enables MCP to: (1) Route queries to correct framework, (2) Provide cross-framework navigation, (3) Show how requirements connect, (4) Support comprehensive compliance mapping",
    "next_steps": [
      "Create detailed cross-reference mapping document (LCCP ↔ ISO 27001 ↔ RTS)",
      "Create framework relationship documentation",
      "Build MCP query schema using this index structure",
      "Enable operators to query across all 65 documents simultaneously"
    ],
    "document_access": "All 65 documents are referenced and indexed in this master index for organized access through MCP"
  }
}