{
  "jurisdiction": "United Kingdom",
  "regulatory_authority": {
    "name": "UK Gambling Commission",
    "abbreviation": "UKGC",
    "website": "https://www.gamblingcommission.gov.uk"
  },
  "standard_authority": {
    "name": "International Organization for Standardization",
    "abbreviation": "ISO",
    "standard": "ISO/IEC 27001:2022"
  },
  "document_type": "ISO 27001 Security Requirements - Annex A Control",
  "document_reference": "ISO 27001 Annex A 6.3",
  "last_updated": "2025-10-17",
  "legal_status": "mandatory",
  "applies_to_note": "All gambling operators subject to RTS Chapter 4 - Security Requirements",
  "control_category": "People Controls",
  "control": {
    "control_id": "ISO_27001_A_6.3",
    "control_number": "A 6.3",
    "control_title": "Information Security Awareness, Education and Training",
    "control_type": "Preventive control",
    "control_purpose": "To ensure personnel understand their information security responsibilities and can perform their role securely",
    "control_objective": "Provide appropriate information security awareness, education, and training to personnel and relevant interested parties with regular updates on information security policies and procedures"
  },
  "iso_27001_definition": {
    "official_text": "Personnel of the organisation and relevant interested parties should receive appropriate information security awareness, education and training and regular updates of the organisation's information security policy, topic-specific policies and procedures, as relevant for their job function.",
    "key_requirements": [
      "Personnel receive appropriate awareness training",
      "Personnel receive appropriate education",
      "Personnel receive appropriate training",
      "Regular updates provided on security policies",
      "Regular updates provided on topic-specific procedures",
      "Training tailored to job function",
      "Relevant interested parties included",
      "Training effectiveness verified"
    ]
  },
  "control_purpose_detail": {
    "purpose": "Preventive control building security awareness and competence across organization",
    "scope": [
      "All personnel (employees, contractors, third parties)",
      "Role-specific security responsibilities",
      "Information security policies and procedures",
      "Regulatory and legal compliance requirements",
      "Incident reporting and response procedures",
      "Data protection and privacy requirements",
      "Secure use of systems and technologies"
    ],
    "key_outcome": "Personnel understand security responsibilities and implement secure practices in daily work"
  },
  "prerequisites": {
    "description": "Before implementing awareness and training, foundational elements must be in place",
    "required_prerequisites": [
      {
        "prerequisite": "Information Security Policy",
        "description": "Documented main information security policy",
        "rationale": "Training must be based on documented organizational policies",
        "reference": "ISO 27001 A 5.1 - Policies for information security"
      },
      {
        "prerequisite": "Topic-Specific Policies",
        "description": "Documented policies for specific security areas (access control, incident management, data protection, etc.)",
        "rationale": "Personnel need understanding of policies relevant to their roles",
        "reference": "ISO 27001 A 5.1 - Policies for information security"
      },
      {
        "prerequisite": "Procedures and Processes",
        "description": "Documented procedures for key security processes",
        "rationale": "Training content must cover how to follow procedures",
        "reference": "All Annex A controls with implementation procedures"
      },
      {
        "prerequisite": "Risk Assessment",
        "description": "Information security risk assessment completed",
        "rationale": "Informs training priorities and target audience needs",
        "reference": "ISO 27001 A 5.2 - Information security risk assessment"
      }
    ]
  },
  "iseat_program_overview": {
    "definition": "Comprehensive program to develop personnel competence and awareness in information security through planned education, training, and ongoing communication",
    "components": {
      "awareness": {
        "definition": "Understanding of security threats, responsibilities, and importance",
        "delivery": [
          "Security newsletters and communications",
          "Email alerts and security bulletins",
          "Posters and visual reminders",
          "Security awareness campaigns",
          "Management communications"
        ]
      },
      "education": {
        "definition": "Structured learning about security concepts, principles, and best practices",
        "delivery": [
          "Classroom training",
          "Workshops and seminars",
          "Online learning modules",
          "Case studies and scenarios",
          "Interactive exercises"
        ]
      },
      "training": {
        "definition": "Practical skills development for implementing secure practices",
        "delivery": [
          "Hands-on training",
          "System training for specific applications",
          "Role-specific training",
          "Simulations and drills",
          "On-the-job training"
        ]
      }
    },
    "target_audiences": [
      "All personnel (mandatory)",
      "New hires and contractors",
      "Senior management and leadership",
      "System administrators and IT staff",
      "Information security personnel",
      "Role-specific groups (finance, HR, operations, etc.)",
      "Third parties and suppliers with system access"
    ]
  },
  "implementation_requirements": [
    {
      "requirement_id": "A_6.3_REQ_1",
      "requirement": "Define Training Needs Based on Risk",
      "description": "Conduct training needs analysis to identify what training is required",
      "details": {
        "analysis_elements": [
          "Identify security risks relevant to organization",
          "Map risks to roles and responsibilities",
          "Determine knowledge and skills gaps",
          "Assess current competence levels",
          "Prioritize training topics by risk"
        ],
        "factors_to_consider": [
          "Job roles and responsibilities",
          "Access levels and data handled",
          "System and technology used",
          "Regulatory and compliance requirements",
          "Recent incidents or near-misses",
          "Industry best practices",
          "Organizational maturity"
        ],
        "output": "Training needs matrix by role and audience"
      }
    },
    {
      "requirement_id": "A_6.3_REQ_2",
      "requirement": "Develop Information Security Awareness and Training Plan",
      "description": "Create documented plan covering awareness and training activities",
      "details": {
        "plan_elements": [
          "Objectives and goals of program",
          "Target audiences and roles",
          "Training topics and content areas",
          "Delivery methods and formats",
          "Schedule and frequency",
          "Responsibility assignments",
          "Resource requirements and budget",
          "Success metrics and evaluation methods",
          "Communication plan for promotion"
        ],
        "annual_components": [
          "Annual information security awareness training for all",
          "Annual data protection/privacy training",
          "Initial onboarding training for new hires",
          "Role-specific training for key roles",
          "Update training for policy/procedure changes"
        ]
      }
    },
    {
      "requirement_id": "A_6.3_REQ_3",
      "requirement": "Develop Training Content and Materials",
      "description": "Create appropriate training materials covering required topics",
      "details": {
        "content_topics": [
          "Leadership and management commitment to security",
          "Information security policies and procedures",
          "Topic-specific policies relevant to role",
          "Regulatory and legal requirements",
          "Personnel accountability and responsibility",
          "How to recognize security threats",
          "How to report incidents and events",
          "Consequences of policy violations",
          "Secure use of systems and technologies",
          "Data classification and handling",
          "Acceptable use policies",
          "Password and authentication best practices",
          "Email and communication security",
          "Physical security",
          "Mobile device security"
        ],
        "delivery_methods": [
          "Online learning modules and courses",
          "Classroom or workshop training",
          "Email communications and newsletters",
          "Video content",
          "Interactive simulations",
          "Posters and printed materials",
          "Security awareness campaigns",
          "Management briefings",
          "Off-the-shelf training packages"
        ],
        "best_practice": "Use variety of methods to engage different learning styles"
      }
    },
    {
      "requirement_id": "A_6.3_REQ_4",
      "requirement": "Implement Initial Onboarding Training",
      "description": "Provide security training as part of new hire process",
      "details": {
        "timing": "Pre-employment or during onboarding before system access",
        "content": [
          "Security policies overview",
          "Acceptable use policy",
          "Incident reporting procedures",
          "Role-specific security requirements",
          "System access and authentication",
          "Data handling requirements"
        ],
        "responsibility": [
          "HR processes new hire",
          "Security team provides training",
          "Manager confirms completion",
          "Records maintained"
        ],
        "documentation": "Training attendance and completion records"
      }
    },
    {
      "requirement_id": "A_6.3_REQ_5",
      "requirement": "Conduct Annual Security Awareness Training",
      "description": "Provide annual security awareness training to all personnel",
      "details": {
        "frequency": "At least annually for all personnel",
        "scope": "All employees and contractors",
        "content": [
          "Current threats and vulnerabilities",
          "Security policies and requirements",
          "Incident reporting procedures",
          "Password security",
          "Phishing awareness",
          "Data protection",
          "Physical security",
          "Changes to policies or procedures"
        ],
        "completion_requirement": "All personnel must complete training"
      }
    },
    {
      "requirement_id": "A_6.3_REQ_6",
      "requirement": "Conduct Annual Data Protection Training",
      "description": "Provide annual data protection and privacy training",
      "details": {
        "frequency": "At least annually",
        "scope": "All personnel handling personal data",
        "content": [
          "Data protection regulations (GDPR, DPA 2018)",
          "Personal data definition and types",
          "Data handling requirements",
          "Consent and lawful basis",
          "Data subject rights",
          "Breach notification procedures",
          "Data protection by design",
          "International data transfers"
        ]
      }
    },
    {
      "requirement_id": "A_6.3_REQ_7",
      "requirement": "Provide Role-Specific Training",
      "description": "Deliver training tailored to specific job functions and responsibilities",
      "details": {
        "target_groups": [
          "IT and system administrators - detailed technical security controls",
          "Information security personnel - advanced security topics",
          "Finance and accounting - financial data protection",
          "HR personnel - employee data protection",
          "Operations - physical security and access control",
          "Customer-facing roles - data privacy and customer information",
          "Management - security governance and risk management"
        ],
        "approach": "Training content and depth tailored to role and responsibilities"
      }
    },
    {
      "requirement_id": "A_6.3_REQ_8",
      "requirement": "Implement Continuous Awareness Activities",
      "description": "Maintain ongoing security awareness through regular communications and campaigns",
      "details": {
        "awareness_activities": [
          "Monthly or quarterly security newsletters",
          "Security bulletins on emerging threats",
          "Email reminders and tips",
          "Posters and visual reminders",
          "Security awareness campaigns",
          "Security awareness months or events",
          "Management communications",
          "Team meetings and briefings"
        ],
        "content": [
          "Emerging threats and vulnerabilities",
          "Successful attacks and case studies",
          "Policy updates and reminders",
          "Best practices and tips",
          "Incident trends and lessons learned",
          "Regulatory updates",
          "Industry news and developments"
        ]
      }
    },
    {
      "requirement_id": "A_6.3_REQ_9",
      "requirement": "Provide Update Training for Changes",
      "description": "Train personnel when significant changes to policies or systems occur",
      "details": {
        "trigger_events": [
          "New or updated security policies",
          "New or changed procedures",
          "New systems or technology implementations",
          "Regulatory changes requiring policy updates",
          "Significant security incidents",
          "Identified vulnerabilities or gaps",
          "Organizational changes or restructuring"
        ],
        "training_approach": "Targeted training on changed elements delivered promptly"
      }
    },
    {
      "requirement_id": "A_6.3_REQ_10",
      "requirement": "Verify Training Effectiveness and Understanding",
      "description": "Assess that personnel have understood and retained training content",
      "details": {
        "verification_methods": [
          "Knowledge assessment tests or quizzes",
          "Completion certificates",
          "Simulated phishing campaigns",
          "Simulated security incidents and responses",
          "Practical exercises and scenarios",
          "Manager assessments of behavior",
          "Incident and near-miss tracking"
        ],
        "assessment": "Tests or assessments built into training modules",
        "pass_requirement": "Personnel must demonstrate understanding before completion",
        "follow_up": "Additional training provided where understanding is not demonstrated"
      }
    },
    {
      "requirement_id": "A_6.3_REQ_11",
      "requirement": "Maintain Training Records",
      "description": "Document all training and awareness activities",
      "details": {
        "records_to_maintain": [
          "Training and awareness plan",
          "Training attendance records",
          "Completion dates and times",
          "Assessment results",
          "Training materials and content",
          "Communication records",
          "Campaign records",
          "Feedback and survey results",
          "Training effectiveness metrics"
        ],
        "retention": "Keep records for appropriate period (typically 3+ years)",
        "accessibility": "Records must be retrievable for audit purposes"
      }
    },
    {
      "requirement_id": "A_6.3_REQ_12",
      "requirement": "Communicate Awareness and Training Process",
      "description": "Ensure personnel know about and understand training requirements",
      "details": {
        "communication_elements": [
          "Announce training and awareness plan",
          "Explain why training is required",
          "Describe training delivery methods",
          "Provide schedule and deadlines",
          "Explain completion requirements",
          "Describe assessment methods",
          "Promote training participation",
          "Encourage feedback and suggestions"
        ],
        "communication_channels": [
          "Email announcements",
          "Management communications",
          "Intranet and internal communications",
          "Team meetings",
          "Posters and notices",
          "Onboarding process"
        ]
      }
    },
    {
      "requirement_id": "A_6.3_REQ_13",
      "requirement": "Address Consequences of Policy Violations",
      "description": "Ensure training covers consequences of not following security policies",
      "details": {
        "content": [
          "Disciplinary procedures for policy violations",
          "Potential consequences of security breaches",
          "Legal and regulatory penalties",
          "Impact on organization and customers",
          "Reputational damage",
          "Financial consequences",
          "Personal and professional consequences"
        ],
        "purpose": "Reinforce importance of compliance and secure behavior"
      }
    },
    {
      "requirement_id": "A_6.3_REQ_14",
      "requirement": "Use Specialized Training Tools",
      "description": "Consider using off-the-shelf or specialized training platforms",
      "details": {
        "benefits": [
          "Standardized training content",
          "Professional delivery quality",
          "Tracking and reporting capabilities",
          "Assessment and testing tools",
          "Reduced administrative burden",
          "Regular content updates",
          "Cost effectiveness"
        ],
        "alternative": "Manual training process if specialized tools not available"
      }
    },
    {
      "requirement_id": "A_6.3_REQ_15",
      "requirement": "Continuous Improvement of Program",
      "description": "Regularly review and improve training program effectiveness",
      "details": {
        "review_frequency": "At least annually",
        "review_elements": [
          "Training completion rates",
          "Assessment results and pass rates",
          "Feedback from participants",
          "Incident trends and root causes",
          "Policy compliance observations",
          "Training content relevance",
          "Emerging threats and topics",
          "Organizational changes"
        ],
        "improvement_actions": [
          "Update content based on feedback",
          "Adjust training methods if ineffective",
          "Improve assessment methods",
          "Increase frequency or intensity if needed",
          "Add new topics if gaps identified",
          "Remove or minimize less relevant content"
        ]
      }
    }
  ],
  "implementation_steps": {
    "steps": [
      {
        "step": 1,
        "action": "Conduct Training Needs Analysis",
        "detail": "Assess risks and identify training requirements by role"
      },
      {
        "step": 2,
        "action": "Develop Awareness and Training Plan",
        "detail": "Create documented plan covering all required elements"
      },
      {
        "step": 3,
        "action": "Select or Develop Training Content",
        "detail": "Create or acquire training materials for required topics"
      },
      {
        "step": 4,
        "action": "Select Training Delivery Method",
        "detail": "Choose appropriate method (online, classroom, specialist tool, etc.)"
      },
      {
        "step": 5,
        "action": "Implement Onboarding Training",
        "detail": "Integrate training into new hire process"
      },
      {
        "step": 6,
        "action": "Conduct Initial Annual Training",
        "detail": "Deliver awareness training to all personnel"
      },
      {
        "step": 7,
        "action": "Implement Awareness Activities",
        "detail": "Start ongoing communications and awareness campaigns"
      },
      {
        "step": 8,
        "action": "Verify Understanding",
        "detail": "Implement testing or assessment of training"
      },
      {
        "step": 9,
        "action": "Maintain Records",
        "detail": "Establish system for tracking training and maintaining records"
      },
      {
        "step": 10,
        "action": "Review and Improve",
        "detail": "Conduct annual review of program effectiveness"
      }
    ]
  },
  "compliance_checklist": {
    "description": "Steps to comply with ISO 27001 Annex A 6.3",
    "checklist": [
      {
        "item": "Conduct training needs analysis",
        "status": "required"
      },
      {
        "item": "Develop awareness and training plan",
        "status": "required"
      },
      {
        "item": "Develop or acquire training content",
        "status": "required"
      },
      {
        "item": "Implement initial onboarding training",
        "status": "required"
      },
      {
        "item": "Conduct annual security awareness training",
        "status": "required"
      },
      {
        "item": "Conduct annual data protection training",
        "status": "required"
      },
      {
        "item": "Provide role-specific training",
        "status": "required"
      },
      {
        "item": "Implement continuous awareness activities",
        "status": "required"
      },
      {
        "item": "Implement training assessment and testing",
        "status": "required"
      },
      {
        "item": "Maintain training records",
        "status": "required"
      },
      {
        "item": "Communicate training requirements",
        "status": "required"
      },
      {
        "item": "Annual review and improvement",
        "status": "required"
      }
    ]
  },
  "common_mistakes": {
    "description": "Top 3 mistakes organizations make with awareness and training",
    "mistakes": [
      {
        "rank": 1,
        "mistake": "No documented evidence that training actually happened",
        "description": "Training conducted informally without records or documentation",
        "root_cause": [
          "No formalized training program",
          "No tracking system in place",
          "Assumption that training was done",
          "Poor record keeping processes",
          "Manual tracking without follow-up"
        ],
        "impact": "Cannot demonstrate compliance, audit failures, no proof training was delivered or understood",
        "prevention": [
          "Implement centralized training tracking system",
          "Document all training activities",
          "Maintain attendance records",
          "Keep training materials and communications",
          "Record assessment results",
          "Establish document retention policy"
        ],
        "audit_gotcha": "If training isn't documented, auditors will consider it not done"
      },
      {
        "rank": 2,
        "mistake": "Team members haven't completed required training",
        "description": "Not all personnel complete annual training or new hire training",
        "root_cause": [
          "No compliance tracking",
          "No consequences for non-completion",
          "Training not prioritized by managers",
          "Access not removed for non-completion",
          "Multiple reminders not sent",
          "No pre-audit verification"
        ],
        "impact": "Non-compliant personnel, higher security risk, audit finding, potential breach",
        "prevention": [
          "Track completion by individual",
          "Send reminder communications",
          "Escalate non-completion to managers",
          "Tie training to performance reviews",
          "Conduct pre-audit verification",
          "Require completion before system access"
        ],
        "best_practice": "Verify 100% completion of mandatory training before audit"
      },
      {
        "rank": 3,
        "mistake": "Document version control and maintenance issues",
        "description": "Training materials and plan not current, outdated policy versions used",
        "root_cause": [
          "No version control process",
          "No regular update schedule",
          "Training materials not reviewed",
          "Policy changes not communicated",
          "No removal of old versions",
          "Inconsistent version numbers"
        ],
        "impact": "Personnel trained on outdated policies, inconsistent understanding, compliance issues",
        "prevention": [
          "Implement document version control",
          "Update training when policies change",
          "Maintain clean version numbers",
          "Document review dates",
          "Archive old versions",
          "Remove draft comments from final versions",
          "Review and update annually"
        ]
      }
    ]
  },
  "audit_requirements": {
    "description": "What auditors will check during ISO 27001 A 6.3 audit",
    "audit_areas": [
      {
        "area": "1. Training Program Documentation",
        "description": "Verify documented awareness and training program exists",
        "checks": [
          "Awareness and training plan documented",
          "Plan identifies target audiences and roles",
          "Plan describes training content and topics",
          "Plan specifies delivery methods",
          "Plan shows annual schedule",
          "Plan addresses onboarding training",
          "Plan covers policy updates and changes",
          "Plan includes assessment methods"
        ]
      },
      {
        "area": "2. Training Needs Analysis",
        "description": "Verify training needs assessed and documented",
        "checks": [
          "Training needs analysis documented",
          "Analysis identifies role-specific needs",
          "Analysis considers risk and threats",
          "Analysis addresses regulatory requirements",
          "Analysis appropriate for organization",
          "Analysis current and relevant"
        ]
      },
      {
        "area": "3. Training Content and Materials",
        "description": "Verify appropriate training materials exist",
        "checks": [
          "Training materials cover required topics",
          "Materials address organizational policies",
          "Materials include topic-specific policies",
          "Materials address incident reporting",
          "Materials address policy consequences",
          "Materials current and relevant",
          "Materials appropriate for audience",
          "Multiple delivery methods used"
        ]
      },
      {
        "area": "4. Training Delivery and Completion",
        "description": "Verify training actually delivered to personnel",
        "checks": [
          "Annual security awareness training conducted",
          "Annual data protection training conducted",
          "Onboarding training for new hires conducted",
          "All personnel completed required training",
          "Training completion rates tracked",
          "Training delivered to relevant interested parties",
          "Role-specific training provided where needed",
          "No gaps in coverage"
        ],
        "biggest_gotcha": "Personnel with no training records or incomplete training"
      },
      {
        "area": "5. Assessment and Understanding Verification",
        "description": "Verify training effectiveness assessed",
        "checks": [
          "Assessment method defined",
          "Personnel assessed on understanding",
          "Assessment results documented",
          "Pass/fail criteria clear",
          "Follow-up for those not passing",
          "Assessment results tracked by person"
        ]
      },
      {
        "area": "6. Training Records",
        "description": "Verify comprehensive training records maintained",
        "checks": [
          "Training attendance recorded",
          "Training dates and times documented",
          "Training content documented",
          "Assessment results recorded",
          "Personnel names and ID tracked",
          "Records retained appropriately",
          "Records complete and accurate",
          "Records accessible for review"
        ]
      },
      {
        "area": "7. Continuous Awareness Activities",
        "description": "Verify ongoing awareness maintained",
        "checks": [
          "Awareness activities planned and documented",
          "Newsletters or communications sent",
          "Security campaigns conducted",
          "Posters or reminders distributed",
          "Frequency appropriate",
          "Content relevant and current",
          "Distribution to all personnel"
        ]
      },
      {
        "area": "8. Communication of Training Process",
        "description": "Verify training requirements communicated",
        "checks": [
          "Training plan communicated",
          "Training schedule announced",
          "Completion requirements explained",
          "Assessment methods communicated",
          "Communication channels used",
          "Personnel aware of requirements"
        ]
      },
      {
        "area": "9. Responsibility and Ownership",
        "description": "Verify clear ownership and accountability",
        "checks": [
          "Information security officer responsible",
          "Collaboration with HR documented",
          "Manager responsibilities clear",
          "Training team identified",
          "Accountability clear for completion",
          "Escalation for non-compliance"
        ]
      },
      {
        "area": "10. Regulatory Compliance",
        "description": "Verify training addresses legal requirements",
        "checks": [
          "Data protection training included",
          "GDPR requirements addressed",
          "Local regulations considered",
          "Industry requirements covered",
          "Training current with regulations"
        ]
      }
    ]
  },
  "ukgc_application": {
    "critical_systems_context": "For gambling operators, personnel security awareness and competence is critical to protecting customer funds, game integrity, and regulatory compliance",
    "specific_requirements": [
      {
        "system": "Game Integrity and RNG Systems",
        "training_requirements": [
          "Personnel with RNG access trained on integrity requirements",
          "Training on tampering prevention and detection",
          "Training on audit logging and monitoring",
          "Training on segregation of duties",
          "Training on change control procedures"
        ]
      },
      {
        "system": "Customer Data and Payment Processing",
        "training_requirements": [
          "Data protection and privacy training for all personnel handling customer data",
          "PCI DSS requirements for payment card data",
          "Data classification and handling",
          "Breach notification procedures",
          "Customer consent and data rights",
          "Secure communication practices"
        ]
      },
      {
        "system": "Regulatory Compliance",
        "training_requirements": [
          "Anti-Money Laundering (AML) and Know Your Customer (KYC) requirements",
          "Problem gambling and responsible gambling procedures",
          "License compliance requirements",
          "Regulatory reporting obligations",
          "Customer identification and verification"
        ]
      },
      {
        "system": "Incident Response",
        "training_requirements": [
          "Incident identification and reporting",
          "Escalation procedures",
          "Role-specific incident response",
          "Evidence preservation",
          "Communication protocols",
          "Regulatory notification requirements"
        ]
      }
    ],
    "compliance_requirement": "Operators must demonstrate comprehensive awareness, education, and training program ensuring all personnel understand security responsibilities for protecting customer funds, game integrity, and compliance with UKGC requirements"
  },
  "compliance_notes": {
    "overall_purpose": "Build organizational security competence and culture through systematic awareness, education, and training aligned with organizational risks and regulatory requirements",
    "enforcement_priority": "High - personnel are often the weakest security link; effective training reduces security incidents and ensures compliance",
    "key_principles": [
      "Training needs driven by risk assessment",
      "Documented plan covering all required topics",
      "Appropriate for job function and responsibility",
      "Initial onboarding training before system access",
      "Annual refresher training for all personnel",
      "Role-specific training for critical roles",
      "Continuous awareness through communications",
      "Assessment of understanding and retention",
      "Training effectiveness measured and improved",
      "Comprehensive records maintained",
      "Consequences of violations addressed",
      "Support from senior management demonstrated"
    ]
  },
  "to_pass_the_audit": {
    "description": "To comply with ISO 27001 Annex A 6.3 Information Security Awareness, Education, and Training, implement",
    "requirements": [
      {
        "requirement": "Conduct training needs analysis",
        "detail": "Identify training requirements by role and risk"
      },
      {
        "requirement": "Develop written plan",
        "detail": "Document awareness and training plan signed off and implemented"
      },
      {
        "requirement": "Create training content",
        "detail": "Develop or acquire training materials covering required topics"
      },
      {
        "requirement": "Deliver initial onboarding",
        "detail": "Train all new hires before system access"
      },
      {
        "requirement": "Conduct annual training",
        "detail": "Annual security awareness and data protection training"
      },
      {
        "requirement": "Provide role-specific training",
        "detail": "Targeted training for critical roles and functions"
      },
      {
        "requirement": "Maintain awareness activities",
        "detail": "Ongoing communications and campaigns"
      },
      {
        "requirement": "Assess understanding",
        "detail": "Testing or assessment verifying personnel understanding"
      },
      {
        "requirement": "Keep records",
        "detail": "Complete records of all training and completion"
      },
      {
        "requirement": "Verify 100% completion",
        "detail": "All personnel completed required training"
      },
      {
        "requirement": "Communicate training process",
        "detail": "Personnel aware of training requirements and schedule"
      },
      {
        "requirement": "Review and improve",
        "detail": "Annual review of program and continuous improvement"
      }
    ]
  },
  "related_requirements": {
    "rts_reference": "RTS Chapter 4 - Security Requirements",
    "related_iso_controls": [
      "ISO 27001 A 5.1 - Policies for information security",
      "ISO 27001 A 5.2 - Information security risk assessment",
      "ISO 27001 A 6.1 - Screening",
      "ISO 27001 A 6.2 - Terms and conditions of employment",
      "ISO 27001 A 6.4 - Discipline process",
      "ISO 27001 A 6.5 - Responsibilities after termination or change of employment",
      "ISO 27001 A 7.2 - Information security roles and responsibilities",
      "ISO 27001 Clause 7.2 - Competence"
    ]
  },
  "best_practices": {
    "planning_best_practices": [
      "Base training plan on documented risk assessment and needs analysis",
      "Include all required topics: policies, procedures, responsibilities, incident reporting",
      "Plan for annual awareness training plus regular updates",
      "Allocate appropriate budget and resources",
      "Integrate training into organizational calendar",
      "Use combination of online and classroom methods",
      "Consider off-the-shelf training platforms for efficiency"
    ],
    "delivery_best_practices": [
      "Make training engaging and relevant to roles",
      "Use variety of delivery methods for different learning styles",
      "Provide training before system access for new hires",
      "Use professional training materials or certified trainers",
      "Conduct simulated phishing campaigns for awareness",
      "Use real incidents and case studies as teaching examples",
      "Keep training current with emerging threats"
    ],
    "engagement_best_practices": [
      "Communicate importance from senior management",
      "Make training mandatory with tracking",
      "Tie training to performance objectives",
      "Provide regular reminders and communications",
      "Celebrate training milestones",
      "Gather feedback and suggestions",
      "Make consequences clear for policy violations"
    ],
    "assessment_best_practices": [
      "Include knowledge assessment in training",
      "Use multiple question types and formats",
      "Set reasonable pass threshold",
      "Provide remedial training for those not passing",
      "Track assessment results over time",
      "Use assessments to identify knowledge gaps",
      "Analyze pass/fail patterns by topic"
    ],
    "record_keeping_best_practices": [
      "Maintain centralized training records system",
      "Track by person: name, role, training received, date, result",
      "Keep training materials and evidence",
      "Maintain communication records",
      "Archive completed training annually",
      "Ensure records searchable and retrievable",
      "Retain records for 3+ years minimum"
    ],
    "compliance_best_practices": [
      "Document all training activities",
      "Maintain clear audit trail",
      "Pre-audit verification of 100% completion",
      "Keep version control of training materials",
      "Document policy changes that trigger training",
      "Track follow-up actions on identified gaps",
      "Maintain management sign-off on plan"
    ]
  },
  "gambling_operator_specific_guidance": {
    "critical_training_areas": [
      {
        "area": "RNG and Game Integrity",
        "training_focus": "Personnel with access to RNG or game systems must understand integrity requirements, tampering prevention, audit logging, and investigation procedures"
      },
      {
        "area": "Customer Data Protection",
        "training_focus": "All personnel must understand data protection principles; those handling customer data need detailed training on classification, access control, and breach notification"
      },
      {
        "area": "Regulatory Compliance",
        "training_focus": "Personnel involved in compliance must understand UKGC requirements for AML/KYC, problem gambling identification, license compliance, and reporting"
      },
      {
        "area": "Incident Response",
        "training_focus": "All personnel must know how to identify and report incidents; management must understand investigation and notification procedures"
      }
    ],
    "regulatory_expectations": [
      "Comprehensive awareness program addressing gaming-specific risks",
      "Documented evidence of annual training completion for all personnel",
      "RNG and game integrity training for relevant technical staff",
      "Data protection training for personnel handling customer information",
      "Compliance training on AML/KYC and problem gambling procedures",
      "Incident reporting training and verification",
      "Documentation of training effectiveness"
    ],
    "audit_readiness": [
      "Maintain records showing 100% training completion",
      "Prepare sample training materials for auditor review",
      "Document training needs analysis specific to gambling operations",
      "Track completion dates within 30 days of fiscal year start",
      "Maintain records of role-specific training",
      "Demonstrate awareness campaigns and reminders",
      "Show assessment results and follow-up actions"
    ]
  },
  "document_metadata": {
    "created_date": "2025-10-17",
    "source": "ISO/IEC 27001:2022 Annex A Control 6.3",
    "ukgc_reference": "RTS Chapter 4 - Security Requirements",
    "format": "Structured JSON for MCP integration",
    "version": "1.0",
    "standard_version": "ISO/IEC 27001:2022",
    "file_name": "iso-27001-annex-a-6.3-information-security-awareness-education-and-training.json",
    "content_coverage": "Complete - all source document content extracted and structured with comprehensive gambling-specific guidance"
  }
}