{
  "jurisdiction": "United Kingdom",
  "regulatory_authority": {
    "name": "UK Gambling Commission",
    "abbreviation": "UKGC",
    "website": "https://www.gamblingcommission.gov.uk"
  },
  "standard_authority": {
    "name": "International Organization for Standardization",
    "abbreviation": "ISO",
    "standard": "ISO/IEC 27001:2022"
  },
  "document_type": "ISO 27001 Security Requirements - Annex A Control",
  "document_reference": "ISO 27001 Annex A 8.30",
  "last_updated": "2025-10-17",
  "legal_status": "mandatory",
  "applies_to_note": "All gambling operators subject to RTS Chapter 4 - Security Requirements who outsource system development or engage third-party developers",
  "control_category": "Development and Support Controls",
  "control": {
    "control_id": "ISO_27001_A_8.30",
    "control_number": "A 8.30",
    "control_title": "Outsourced Development",
    "control_type": "Preventive and detective control",
    "control_purpose": "To ensure information security measures required by the organisation are implemented in outsourced system development through direction, monitoring and review",
    "control_objective": "Establish governance, contracts and monitoring processes to ensure outsourced developers meet organizational security requirements throughout development lifecycle"
  },
  "iso_27001_definition": {
    "official_text": "The organisation should direct, monitor and review the activities related to outsourced system development.",
    "key_requirements": [
      "Direction - communicate security requirements to outsourced developers",
      "Monitoring - verify outsourced developers comply with requirements",
      "Review - assess security of outsourced development",
      "Contracts in place with security clauses",
      "Due diligence on developer security posture",
      "Secure information sharing procedures",
      "Incident reporting procedures",
      "Access controls for outsourced developers",
      "Regular audits and assessments",
      "Continuous improvement of third-party management"
    ]
  },
  "control_purpose_detail": {
    "purpose": "Preventive and detective control ensuring outsourced developers implement required security measures and comply with organizational security requirements",
    "scope": [
      "Custom software development",
      "System modifications and enhancements",
      "Third-party integration",
      "Cloud application development",
      "API development",
      "Infrastructure development",
      "Any development activity outsourced to external parties"
    ],
    "key_outcome": "Outsourced development activities meet organizational security requirements, vulnerabilities are identified before deployment, and third-party security risks are managed throughout the development lifecycle"
  },
  "prerequisites": {
    "description": "Before implementing outsourced development governance, foundational requirements must be established",
    "required_prerequisites": [
      {
        "prerequisite": "Information Security Policy",
        "description": "Comprehensive information security policy established",
        "rationale": "Outsourced developer requirements derived from policy",
        "reference": "ISO 27001 A 5.1 - Policies for information security"
      },
      {
        "prerequisite": "Supplier Risk Management Program",
        "description": "Supplier relationship and risk management program in place",
        "rationale": "Outsourced developers treated as suppliers",
        "reference": "ISO 27001 A 5.19 - Information security in supplier relationships"
      },
      {
        "prerequisite": "Security Requirements Definition",
        "description": "Security requirements defined for systems and applications",
        "rationale": "Requirements communicated to outsourced developers",
        "reference": "ISO 27001 A 8.26 - Application security requirements"
      },
      {
        "prerequisite": "Secure Development Lifecycle",
        "description": "Secure development lifecycle process documented",
        "rationale": "Outsourced developers expected to follow SDLC",
        "reference": "ISO 27001 A 8.25 - Secure development lifecycle"
      },
      {
        "prerequisite": "Contract Management Capability",
        "description": "Contract management and legal review processes in place",
        "rationale": "Contracts reviewed and enforced",
        "reference": "ISO 27001 A 5.20 - Addressing information security within supplier agreements"
      }
    ]
  },
  "outsourced_development_overview": {
    "definition": "Engagement of external third-party developers to design, develop, test, and deploy systems on behalf of the organization with appropriate security governance and oversight",
    "key_challenges": [
      "Limited visibility and control over development activities",
      "Dependency on third-party security practices",
      "Distance and communication challenges",
      "Cultural and regulatory differences",
      "Potential for data breaches",
      "Intellectual property and code ownership issues",
      "Quality and security verification challenges",
      "Vendor lock-in risks",
      "Business continuity and support risks"
    ],
    "core_principles": [
      "Clear communication of security requirements",
      "Contractual enforcement of security",
      "Regular monitoring and auditing",
      "Formal governance and oversight",
      "Shared responsibility for security",
      "Risk-based assessment and management",
      "Evidence and documentation",
      "Regular review and continuous improvement"
    ],
    "third_party_controls_applicable": [
      "ISO 27001 A 5.19 - Information security in supplier relationships",
      "ISO 27001 A 5.20 - Addressing information security within supplier agreements",
      "ISO 27001 A 5.22 - Monitor, review and change management of supplier services",
      "ISO 27001 A 5.32 - Intellectual property rights"
    ]
  },
  "implementation_requirements": [
    {
      "requirement_id": "A_8.30_REQ_1",
      "requirement": "Conduct Vendor Due Diligence and Selection",
      "description": "Evaluate potential outsourced developers for their security posture, capabilities and track record before engagement",
      "details": {
        "due_diligence_process": [
          "Request security questionnaires from potential vendors",
          "Verify claimed security certifications (ISO 27001, SOC 2, etc.)",
          "Conduct background checks on vendor organization",
          "Reference checks with existing customers",
          "Assessment of vendor financial stability",
          "Review of vendor security audit reports",
          "Site visits to vendor facilities if applicable"
        ],
        "evaluation_criteria": [
          "ISO 27001 or equivalent certification",
          "SOC 2 Type II compliance",
          "Penetration testing evidence",
          "Security incident history",
          "Developer experience with similar systems",
          "Understanding of regulatory requirements",
          "Capability to implement security controls",
          "Commitment to information security",
          "References and customer satisfaction"
        ],
        "risk_assessment": [
          "Assess criticality of system being developed",
          "Evaluate vendor's ability to protect critical data",
          "Assess vendor's security maturity",
          "Identify potential security risks from vendor",
          "Determine additional controls needed"
        ]
      }
    },
    {
      "requirement_id": "A_8.30_REQ_2",
      "requirement": "Establish Comprehensive Contracts with Security Clauses",
      "description": "Include detailed security requirements and obligations in all contracts with outsourced developers",
      "details": {
        "contract_elements": [
          "Scope of development work and deliverables",
          "Security requirements and standards",
          "Compliance with secure development lifecycle",
          "Testing and quality assurance requirements",
          "Code review and vulnerability scanning",
          "Penetration testing and security validation",
          "Documentation and evidence requirements",
          "Data protection and privacy requirements",
          "Incident reporting and response procedures",
          "Audit rights and access provisions"
        ],
        "security_clauses": [
          "Developer shall comply with organization information security policy",
          "Developer shall implement secure development practices",
          "Developer shall conduct security testing before delivery",
          "Developer shall provide evidence of testing and remediation",
          "Developer shall maintain confidentiality of proprietary information",
          "Developer shall comply with regulatory requirements",
          "Developer shall notify of security incidents within specified timeframe",
          "Organization has right to audit developer activities",
          "Escrow arrangements for critical code",
          "Liability for security vulnerabilities discovered post-deployment"
        ],
        "intellectual_property": [
          "Code ownership and licensing",
          "Rights to use developed software",
          "Third-party component licensing",
          "Source code escrow arrangements",
          "Rights to modifications and enhancements"
        ],
        "contract_governance": [
          "Legal counsel review of all contracts",
          "Annual contract reviews and updates",
          "Change management for contract modifications",
          "Enforcement procedures for violations",
          "Dispute resolution mechanisms",
          "Regular communication with developer"
        ]
      }
    },
    {
      "requirement_id": "A_8.30_REQ_3",
      "requirement": "Establish Secure Information Sharing Procedures",
      "description": "Implement controls for sharing sensitive information with outsourced developers",
      "details": {
        "information_sharing_controls": [
          "Data classification of information to be shared",
          "Determine what sensitive information must be shared",
          "Encryption of data in transit to developer",
          "Secure file transfer mechanisms",
          "Confidentiality agreements (NDAs)",
          "Limitation of data access to necessary personnel",
          "Data retention and secure deletion procedures",
          "Audit logging of all information sharing",
          "Monitoring for unauthorized disclosure"
        ],
        "access_controls": [
          "Identity verification of developer personnel",
          "Access provisioning process",
          "Principle of least privilege",
          "Role-based access control",
          "Multi-factor authentication for access",
          "VPN or secure tunnels for remote access",
          "Session timeouts and automatic disconnection",
          "Access revocation procedures",
          "Regular access reviews"
        ],
        "data_loss_prevention": [
          "DLP tools to detect unauthorized data transfer",
          "Monitoring of developer systems",
          "USB device restrictions",
          "Email and file sharing restrictions",
          "Periodic audits of data access",
          "Training on data protection responsibilities"
        ]
      }
    },
    {
      "requirement_id": "A_8.30_REQ_4",
      "requirement": "Ensure Data Protection and Privacy Compliance",
      "description": "Ensure compliance with data protection regulations when sharing data with outsourced developers",
      "details": {
        "data_protection_requirements": [
          "Data Processing Agreements (DPA) with developers",
          "GDPR compliance for personal data",
          "Data subject rights procedures",
          "Data protection impact assessments",
          "Processor obligations and responsibilities",
          "Sub-processor management",
          "International data transfer compliance",
          "Data retention policies",
          "Secure data destruction procedures"
        ],
        "privacy_governance": [
          "Privacy policies for outsourced processing",
          "Transparency about data sharing",
          "Consent management for personal data",
          "Right to audit developer data handling",
          "Incident notification procedures",
          "Data breach response procedures",
          "Regular privacy impact assessments"
        ],
        "regulatory_compliance": [
          "GDPR compliance if EU data involved",
          "UK Data Protection Act compliance",
          "Industry-specific regulations",
          "Gambling regulatory requirements",
          "Data residency requirements",
          "Cross-border data transfer restrictions"
        ]
      }
    },
    {
      "requirement_id": "A_8.30_REQ_5",
      "requirement": "Establish Incident Management and Reporting",
      "description": "Establish clear procedures for incident reporting and response with outsourced developers",
      "details": {
        "incident_reporting_procedures": [
          "Incident definition and classification",
          "Reporting timeframes (e.g., 4 hours, 24 hours)",
          "Reporting channels and contacts",
          "Information to be included in reports",
          "Escalation procedures",
          "Regular status updates",
          "Post-incident review procedures",
          "Root cause analysis and remediation"
        ],
        "incident_response_coordination": [
          "Joint incident response team",
          "Incident response plan with developer",
          "Communication channels during incidents",
          "Roles and responsibilities",
          "Containment and remediation procedures",
          "Evidence preservation",
          "Communication with regulators"
        ],
        "incident_monitoring": [
          "SIEM integration if applicable",
          "Log monitoring and analysis",
          "Anomaly detection",
          "Regular security assessments",
          "Vulnerability scanning"
        ]
      }
    },
    {
      "requirement_id": "A_8.30_REQ_6",
      "requirement": "Verify Physical and Environmental Security",
      "description": "Ensure outsourced developers maintain adequate physical and environmental security at their facilities",
      "details": {
        "physical_security_requirements": [
          "Secure facility location and perimeter",
          "Access control to development facilities",
          "Visitor management procedures",
          "Badge and ID requirements",
          "CCTV monitoring",
          "Secure storage of equipment and documents",
          "Shredding of sensitive materials",
          "Secure disposal of equipment containing data"
        ],
        "environmental_controls": [
          "Fire detection and suppression systems",
          "Environmental monitoring (temperature, humidity)",
          "Power and cooling systems",
          "Backup power (UPS and generators)",
          "Flood and water damage prevention",
          "Security of server rooms and data centers",
          "Segregation of development systems"
        ],
        "verification_approach": [
          "On-site audits of developer facilities",
          "Remote monitoring via cameras if applicable",
          "Third-party security assessments",
          "References from other customers",
          "Regular site visits and inspections"
        ]
      }
    },
    {
      "requirement_id": "A_8.30_REQ_7",
      "requirement": "Verify Human Resources Security",
      "description": "Ensure outsourced developers have robust HR security practices for their personnel",
      "details": {
        "personnel_vetting": [
          "Background checks on developer personnel",
          "Criminal record checks",
          "Credit checks where appropriate",
          "Reference verification",
          "Educational qualifications verification",
          "Security clearances if required",
          "Documentation of vetting completed"
        ],
        "employee_security": [
          "Confidentiality and non-disclosure agreements",
          "Acceptable use policies",
          "Security training and awareness",
          "Disciplinary procedures",
          "Separation of duties",
          "Conflict of interest management",
          "Whistleblower procedures"
        ],
        "onboarding_and_offboarding": [
          "Security training for new personnel",
          "Access provisioning procedures",
          "Clear desk and clean desk policies",
          "Awareness of information security responsibilities",
          "Offboarding and access removal procedures",
          "Equipment return procedures",
          "Documentation and confidentiality after departure"
        ]
      }
    },
    {
      "requirement_id": "A_8.30_REQ_8",
      "requirement": "Verify System and Application Security Controls",
      "description": "Ensure outsourced developers implement robust system and application security controls",
      "details": {
        "secure_development_practices": [
          "Secure development lifecycle adherence",
          "Secure coding practices and standards",
          "Code review processes",
          "Vulnerability scanning and management",
          "Penetration testing",
          "Security architecture review",
          "Threat modeling"
        ],
        "testing_and_validation": [
          "Security testing process",
          "Vulnerability assessment results",
          "Penetration testing reports",
          "Code review findings",
          "Evidence of remediation",
          "Re-testing after fixes",
          "Security acceptance testing"
        ],
        "operational_security": [
          "Development environment security",
          "Test environment security",
          "Source code repository security",
          "Build and deployment security",
          "Configuration management",
          "Change management procedures",
          "Access controls for development systems"
        ]
      }
    },
    {
      "requirement_id": "A_8.30_REQ_9",
      "requirement": "Verify Business Continuity and Disaster Recovery",
      "description": "Ensure outsourced developers have business continuity and disaster recovery capabilities",
      "details": {
        "business_continuity_requirements": [
          "Business continuity plan documentation",
          "Business impact analysis",
          "Recovery time objectives (RTO)",
          "Recovery point objectives (RPO)",
          "Alternative facilities and capacity",
          "Backup systems and redundancy",
          "Regular testing and drills"
        ],
        "disaster_recovery": [
          "Disaster recovery procedures",
          "Data backup and recovery processes",
          "System recovery procedures",
          "Communication procedures",
          "Recovery priorities and sequencing",
          "Testing schedule and frequency",
          "Post-recovery verification"
        ],
        "service_continuity": [
          "Support availability (24/7, business hours)",
          "Escalation procedures",
          "Service level agreements",
          "Performance metrics and monitoring",
          "Maintenance windows and scheduling",
          "Notification of system changes"
        ]
      }
    },
    {
      "requirement_id": "A_8.30_REQ_10",
      "requirement": "Establish Continuous Monitoring and Auditing",
      "description": "Implement ongoing monitoring and periodic auditing of outsourced developer activities",
      "details": {
        "monitoring_activities": [
          "Regular security assessments",
          "Vulnerability scanning",
          "Configuration reviews",
          "Access control verification",
          "Log review and analysis",
          "Performance against KPIs",
          "Security incident tracking",
          "Compliance status monitoring"
        ],
        "audit_program": [
          "Annual security audit schedule",
          "On-site audit procedures",
          "Remote audit capabilities",
          "Audit checklists and procedures",
          "Audit findings and remediation tracking",
          "Auditor qualifications",
          "Third-party audit contractors"
        ],
        "performance_management": [
          "Key performance indicators (KPIs)",
          "Security metrics and dashboards",
          "Regular performance reviews",
          "Service level agreement monitoring",
          "Incident response effectiveness",
          "Continuous improvement initiatives",
          "Vendor scorecard"
        ]
      }
    },
    {
      "requirement_id": "A_8.30_REQ_11",
      "requirement": "Manage Code Escrow and Intellectual Property",
      "description": "Establish escrow arrangements for critical code and manage intellectual property rights",
      "details": {
        "escrow_arrangements": [
          "Source code escrow agreements",
          "Escrow terms and conditions",
          "Release triggers (bankruptcy, contract termination)",
          "Escrow agent selection and management",
          "Regular source code deposits",
          "Verification of escrow integrity",
          "Recovery procedures"
        ],
        "intellectual_property_management": [
          "Clear documentation of code ownership",
          "Licensing agreements for third-party components",
          "Open source software management",
          "Proprietary code protection",
          "Rights to modifications and enhancements",
          "Source code access restrictions",
          "Remediation if IP issues discovered"
        ]
      }
    },
    {
      "requirement_id": "A_8.30_REQ_12",
      "requirement": "Establish Vendor Management Framework",
      "description": "Create formal framework for managing relationship with outsourced developers",
      "details": {
        "relationship_management": [
          "Designated relationship manager",
          "Regular communication schedule",
          "Formal meetings and reviews",
          "Escalation procedures",
          "Issue tracking and resolution",
          "Satisfaction surveys and feedback",
          "Continuous improvement discussions"
        ],
        "governance_structure": [
          "Steering committee oversight",
          "Formal approval procedures",
          "Contract amendment procedures",
          "Change management process",
          "Risk management procedures",
          "Documentation and record keeping"
        ],
        "performance_framework": [
          "Service level agreements (SLAs)",
          "KPIs and metrics",
          "Reporting and dashboards",
          "Regular performance reviews",
          "Improvement plans for underperformance",
          "Recognition for excellent performance",
          "Contract renewal criteria"
        ]
      }
    }
  ],
  "implementation_steps": {
    "steps": [
      {
        "step": 1,
        "action": "Evaluate outsourcing needs and risks",
        "detail": "Determine what systems can be outsourced and associated risks"
      },
      {
        "step": 2,
        "action": "Define security requirements for outsourced development",
        "detail": "Document security standards and expectations for developers"
      },
      {
        "step": 3,
        "action": "Create vendor selection criteria",
        "detail": "Establish evaluation criteria with security requirements"
      },
      {
        "step": 4,
        "action": "Conduct vendor due diligence",
        "detail": "Evaluate potential developers against criteria"
      },
      {
        "step": 5,
        "action": "Develop contracts with security clauses",
        "detail": "Work with legal to create comprehensive contracts"
      },
      {
        "step": 6,
        "action": "Establish information sharing procedures",
        "detail": "Define secure data sharing and access controls"
      },
      {
        "step": 7,
        "action": "Create monitoring and audit procedures",
        "detail": "Develop ongoing oversight and compliance checking"
      },
      {
        "step": 8,
        "action": "Establish incident reporting procedures",
        "detail": "Define procedures for security incident reporting"
      },
      {
        "step": 9,
        "action": "Set up vendor management framework",
        "detail": "Create governance structure and relationship management"
      },
      {
        "step": 10,
        "action": "Conduct initial compliance audit",
        "detail": "Verify vendor meets requirements before development begins"
      }
    ]
  },
  "compliance_checklist": {
    "description": "Steps to comply with ISO 27001 Annex A 8.30",
    "checklist": [
      {
        "item": "Vendor due diligence documented",
        "status": "required"
      },
      {
        "item": "Security requirements clearly defined",
        "status": "required"
      },
      {
        "item": "Contracts with security clauses in place",
        "status": "required"
      },
      {
        "item": "Legal counsel review of contracts completed",
        "status": "required"
      },
      {
        "item": "Information sharing procedures established",
        "status": "required"
      },
      {
        "item": "Data Protection Agreement in place",
        "status": "required"
      },
      {
        "item": "Access control procedures implemented",
        "status": "required"
      },
      {
        "item": "Incident reporting procedures documented",
        "status": "required"
      },
      {
        "item": "Physical security verified",
        "status": "required"
      },
      {
        "item": "HR security requirements verified",
        "status": "required"
      },
      {
        "item": "System and application security requirements verified",
        "status": "required"
      },
      {
        "item": "Testing and security validation documented",
        "status": "required"
      },
      {
        "item": "Business continuity and DR plans verified",
        "status": "required"
      },
      {
        "item": "Code escrow arrangements in place (if applicable)",
        "status": "required"
      },
      {
        "item": "Monitoring and audit program established",
        "status": "required"
      },
      {
        "item": "Initial compliance audit completed",
        "status": "required"
      },
      {
        "item": "Vendor management framework in place",
        "status": "required"
      },
      {
        "item": "Annual audit schedule established",
        "status": "required"
      }
    ]
  },
  "common_mistakes": {
    "description": "Top 3 mistakes organizations make with outsourced development management",
    "mistakes": [
      {
        "rank": 1,
        "mistake": "Inadequate contracts with weak or missing security requirements",
        "description": "Contracts lack detailed security clauses, unclear responsibilities, and no audit rights, leaving organization without enforceable security obligations",
        "root_cause": [
          "Cost or time pressure to complete contracting quickly",
          "Lack of security involvement in contract development",
          "Use of generic templates without customization",
          "Poor legal counsel guidance on security requirements",
          "Assumption vendor will handle security appropriately",
          "Difficulty negotiating strong terms with vendors"
        ],
        "impact": [
          "No contractual basis to enforce security requirements",
          "Cannot demand audits or evidence of compliance",
          "Vendor can claim security not required or agreed",
          "No recourse if security failures occur",
          "Vulnerable systems deployed with inadequate controls",
          "Regulatory violations and audit failures",
          "Liability for security breaches"
        ],
        "prevention": [
          "Security team involved in all contract negotiations",
          "Use security-specific contract templates",
          "Include detailed security clauses in every contract",
          "Legal counsel experienced in information security",
          "Audit rights included in all contracts",
          "SLAs for security metrics",
          "Right to terminate for security violations",
          "Regular contract reviews and updates"
        ],
        "requirement": "Contracts must include comprehensive security requirements, audit rights, and enforcement mechanisms"
      },
      {
        "rank": 2,
        "mistake": "Lack of monitoring and auditing of outsourced developer compliance",
        "description": "No ongoing monitoring or auditing of vendor compliance, assumptions developer is following requirements without verification",
        "root_cause": [
          "Resource constraints limiting monitoring activities",
          "Out of sight, out of mind mentality",
          "Trust-based relationship without verification",
          "No audit procedures or tools in place",
          "Unclear responsibility for monitoring",
          "Cost concerns about audit frequency"
        ],
        "impact": [
          "Vendor may not be complying with requirements",
          "Security issues not discovered until deployment",
          "Vulnerabilities deployed to production",
          "Compliance violations undetected",
          "Audit findings for inadequate third-party oversight",
          "Security incidents resulting from vendor failures"
        ],
        "prevention": [
          "Establish annual audit program with scheduled audits",
          "Include monitoring responsibilities in vendor management",
          "Define KPIs and metrics for vendor security performance",
          "Implement automated monitoring where possible",
          "Regular communication with vendor about security",
          "Pre-deployment security validation required",
          "Risk-based audit frequency (critical systems more often)"
        ]
      },
      {
        "rank": 3,
        "mistake": "Inadequate due diligence before vendor engagement",
        "description": "Limited or no vendor evaluation, engaging developers without assessing security practices, leading to engagement with security-immature vendors",
        "root_cause": [
          "Time pressure to start development",
          "Focus on cost rather than security",
          "Limited resources for due diligence",
          "Assumption all vendors are equally secure",
          "Difficulty evaluating vendor security claims",
          "Small or new vendors lack certifications"
        ],
        "impact": [
          "Engagement with vendors with poor security practices",
          "Vulnerable code delivered",
          "Security requirements not understood or implemented",
          "Risk of data breaches and compromise",
          "Costly remediation or rework",
          "Regulatory and reputational damage"
        ],
        "prevention": [
          "Comprehensive vendor evaluation process",
          "Security requirements in vendor selection criteria",
          "Request and verify security certifications",
          "Vendor security questionnaire completion",
          "Reference checks with existing customers",
          "On-site visits for critical vendors",
          "Risk assessment of vendor security practices",
          "Periodic re-evaluation of vendor security"
        ]
      }
    ]
  },
  "audit_requirements": {
    "description": "What auditors will check during ISO 27001 A 8.30 audit",
    "audit_areas": [
      {
        "area": "1. Vendor Due Diligence and Selection",
        "description": "Verify vendor selection process included security evaluation",
        "checks": [
          "Due diligence documentation for selected vendors",
          "Security evaluation criteria used",
          "Vendor security certifications verified",
          "References checked and documented",
          "Security questionnaire responses reviewed",
          "Risk assessment of vendor completed",
          "Documentation of vendor selection decision"
        ]
      },
      {
        "area": "2. Contracts and Legal Agreements",
        "description": "Verify comprehensive contracts with security clauses in place",
        "checks": [
          "Contracts executed and signed",
          "Security clauses included and specific",
          "Testing and quality requirements defined",
          "Audit rights included",
          "Data protection agreement in place",
          "Legal counsel review documented",
          "Contract scope covers all services"
        ]
      },
      {
        "area": "3. Information Sharing and Access Controls",
        "description": "Verify secure procedures for information sharing with vendors",
        "checks": [
          "Data classification and sharing procedures",
          "Secure file transfer mechanisms used",
          "Access controls and authentication implemented",
          "Audit logging of information access",
          "Confidentiality agreements in place",
          "Regular access reviews performed"
        ]
      },
      {
        "area": "4. Data Protection and Privacy",
        "description": "Verify compliance with data protection regulations",
        "checks": [
          "Data Processing Agreement executed",
          "GDPR compliance requirements included",
          "Data protection procedures documented",
          "Regular privacy impact assessments conducted",
          "Sub-processor management in place"
        ]
      },
      {
        "area": "5. Incident Management",
        "description": "Verify incident reporting procedures and execution",
        "checks": [
          "Incident reporting procedures documented",
          "Reporting timeframes specified",
          "Communication channels established",
          "Evidence of incident reporting in practice",
          "Root cause analysis conducted",
          "Remediation tracked"
        ]
      },
      {
        "area": "6. System and Application Security",
        "description": "Verify outsourced development meets security standards",
        "checks": [
          "Secure development lifecycle followed",
          "Code review process implemented",
          "Vulnerability scanning conducted",
          "Penetration testing completed",
          "Security testing evidence provided",
          "Vulnerabilities identified and remediated",
          "Security acceptance achieved before deployment"
        ]
      },
      {
        "area": "7. Monitoring and Auditing",
        "description": "Verify ongoing monitoring and auditing of vendor",
        "checks": [
          "Annual audit schedule established and followed",
          "Audit procedures documented",
          "Recent audit reports reviewed",
          "Findings tracked and remediated",
          "KPIs and metrics defined and monitored",
          "Performance reviews conducted regularly"
        ]
      },
      {
        "area": "8. Vendor Management Framework",
        "description": "Verify formal management of vendor relationship",
        "checks": [
          "Vendor management procedures documented",
          "Regular communication and reviews",
          "Escalation procedures defined",
          "Change management for vendor services",
          "Vendor scorecard and performance metrics"
        ]
      }
    ]
  },
  "ukgc_application": {
    "critical_systems_context": "For gambling operators, outsourced development of RNG systems, game outcomes, customer data systems, and payment processing represents the highest security risk. Inadequate third-party oversight can result in compromised game integrity, customer data breaches, and regulatory violations.",
    "specific_requirements": [
      {
        "system": "RNG System Development",
        "outsourced_requirements": [
          "Vendor must have demonstrated RNG development expertise",
          "Cryptography specialists involved in development",
          "Independent RNG validation and testing required",
          "Source code escrow mandatory for RNG",
          "Right to engage independent auditors",
          "Evidence of mathematical validation",
          "Testing against known RNG attacks",
          "Detailed documentation of RNG algorithm",
          "Security certifications or equivalent assessment"
        ]
      },
      {
        "system": "Game Outcome Systems",
        "outsourced_requirements": [
          "Secure outcome recording mechanisms",
          "Tamper evidence and detection",
          "Integrity verification controls",
          "Audit trail completeness",
          "Cryptographic signatures for outcomes",
          "Time-stamping accuracy",
          "Access control implementation",
          "Testing and validation procedures"
        ]
      },
      {
        "system": "Customer Data Systems",
        "outsourced_requirements": [
          "GDPR and UK Data Protection Act compliance",
          "Data Protection Impact Assessment completed",
          "Encryption of personal data",
          "Access control and authentication",
          "Secure backup and recovery",
          "Data retention and secure deletion",
          "Breach notification procedures",
          "Regular security testing"
        ]
      },
      {
        "system": "Payment Processing Systems",
        "outsourced_requirements": [
          "PCI DSS compliance mandatory",
          "Secure payment processing implementation",
          "Payment data encryption",
          "Tokenization where appropriate",
          "Secure communication channels",
          "Transaction logging and reconciliation",
          "Regular security assessments",
          "Compliance certifications"
        ]
      }
    ],
    "vendor_management_for_gambling": [
      {
        "aspect": "Vendor Vetting",
        "guidance": "Due diligence must assess vendor's experience with gambling systems, understanding of regulatory requirements, security maturity, and track record with similar operators."
      },
      {
        "aspect": "Contractual Protection",
        "guidance": "Contracts must include specific security requirements for gambling systems, right to conduct independent audits and penetration testing, liability for regulatory violations, and source code escrow for critical systems."
      },
      {
        "aspect": "Security Testing",
        "guidance": "Require comprehensive security testing including penetration testing by independent testers qualified in gambling system security before any deployment."
      },
      {
        "aspect": "Audit and Monitoring",
        "guidance": "More frequent auditing for gambling-critical systems (quarterly or semi-annual), with focus on game integrity, RNG security, and compliance controls."
      },
      {
        "aspect": "Incident Response",
        "guidance": "Rapid incident reporting required (within hours for security incidents), with defined escalation to regulatory authority if needed."
      }
    ],
    "regulatory_expectations": [
      "Clear vendor selection and evaluation process",
      "Comprehensive contracts with security requirements",
      "Evidence of vendor compliance auditing",
      "Security testing results before deployment",
      "Vulnerability management and remediation",
      "Incident reporting procedures and evidence",
      "Access controls and confidentiality enforcement",
      "Data protection and privacy compliance",
      "Regular vendor performance assessment"
    ],
    "high_risk_vendor_scenarios": [
      {
        "scenario": "Offshore development in jurisdiction with weak data protection laws",
        "mitigation": [
          "Data Processing Agreement required",
          "Data residency requirements",
          "Enhanced monitoring and auditing",
          "Encryption of sensitive data",
          "Restricted access controls",
          "Regular compliance verification"
        ]
      },
      {
        "scenario": "Vendor also works for competitors",
        "mitigation": [
          "Confidentiality and NDA agreements",
          "Segregation of work and access controls",
          "Code review and source verification",
          "Right to audit for conflicts of interest",
          "Ownership and intellectual property protections"
        ]
      },
      {
        "scenario": "Small or new vendor with limited experience",
        "mitigation": [
          "Enhanced due diligence",
          "More frequent auditing",
          "Independent security testing required",
          "Escrow arrangements",
          "Additional contractual protections",
          "Pilot project before full engagement"
        ]
      }
    ]
  },
  "compliance_notes": {
    "overall_purpose": "Ensure outsourced developers implement required security measures and comply with organizational security requirements through governance, contracts, and monitoring",
    "enforcement_priority": "Critical - outsourced development is major attack vector for introducing vulnerabilities into critical systems",
    "key_principles": [
      "Comprehensive vendor due diligence and evaluation",
      "Clear definition of security requirements",
      "Detailed contracts with security clauses",
      "Secure information sharing procedures",
      "Data protection and privacy compliance",
      "Incident reporting and response",
      "Regular monitoring and auditing",
      "Formal vendor management",
      "Continuous improvement and oversight",
      "Right to audit and enforce compliance"
    ]
  },
  "to_pass_the_audit": {
    "description": "To comply with ISO 27001 Annex A 8.30, implement",
    "requirements": [
      {
        "requirement": "Conduct vendor due diligence",
        "detail": "Evaluate vendors against security criteria before engagement"
      },
      {
        "requirement": "Define security requirements",
        "detail": "Clearly document what vendors must implement"
      },
      {
        "requirement": "Develop comprehensive contracts",
        "detail": "Include detailed security clauses and audit rights"
      },
      {
        "requirement": "Legal review of contracts",
        "detail": "Ensure contracts legally enforceable and comprehensive"
      },
      {
        "requirement": "Establish information sharing procedures",
        "detail": "Secure procedures for sharing sensitive data"
      },
      {
        "requirement": "Implement access controls",
        "detail": "Controls for vendor access to systems and data"
      },
      {
        "requirement": "Data protection compliance",
        "detail": "Data Processing Agreements and GDPR compliance"
      },
      {
        "requirement": "Establish incident procedures",
        "detail": "Incident reporting and response procedures"
      },
      {
        "requirement": "Verify vendor security controls",
        "detail": "Before deployment, confirm vendor has security controls"
      },
      {
        "requirement": "Establish audit program",
        "detail": "Annual or more frequent audits of vendor"
      },
      {
        "requirement": "Create vendor management framework",
        "detail": "Ongoing oversight and relationship management"
      },
      {
        "requirement": "Document monitoring activities",
        "detail": "Record all audits, assessments, and findings"
      }
    ]
  },
  "related_requirements": {
    "rts_reference": "RTS Chapter 4 - Security Requirements",
    "related_iso_controls": [
      "ISO 27001 A 5.19 - Information security in supplier relationships",
      "ISO 27001 A 5.20 - Addressing information security within supplier agreements",
      "ISO 27001 A 5.22 - Monitor, review and change management of supplier services",
      "ISO 27001 A 5.32 - Intellectual property rights",
      "ISO 27001 A 8.25 - Secure development lifecycle",
      "ISO 27001 A 8.26 - Application security requirements",
      "ISO 27001 A 8.27 - Secure systems architecture and engineering principles",
      "ISO 27001 A 8.29 - Security testing in development and acceptance"
    ]
  },
  "best_practices": {
    "vendor_selection": [
      "Define security selection criteria before evaluation",
      "Require ISO 27001 or SOC 2 Type II compliance",
      "Request security audit reports",
      "Check references with existing customers",
      "Conduct background checks on vendor company",
      "Assess vendor financial stability",
      "Evaluate vendor experience with similar systems",
      "Consider security track record and incident history"
    ],
    "contract_management": [
      "Include comprehensive security clauses",
      "Define specific testing and validation requirements",
      "Include audit rights and access for auditors",
      "Specify incident reporting timeframes",
      "Require evidence of compliance",
      "Include liability for security failures",
      "Establish source code escrow for critical systems",
      "Regular contract reviews and updates",
      "Legal counsel involvement in all contracts"
    ],
    "information_protection": [
      "Classify information before sharing",
      "Encrypt sensitive data in transit",
      "Use secure file transfer mechanisms",
      "Implement strong authentication",
      "Restrict access to necessary personnel",
      "Monitor for unauthorized disclosure",
      "Regular access reviews and removal",
      "Audit logging of all information access"
    ],
    "monitoring_and_auditing": [
      "Annual security audit minimum",
      "Risk-based audit frequency for critical systems",
      "On-site audits for high-risk vendors",
      "Pre-deployment security validation",
      "Regular vulnerability assessments",
      "Penetration testing for critical systems",
      "KPI and performance metrics monitoring",
      "Incident tracking and analysis"
    ],
    "relationship_management": [
      "Designated vendor relationship manager",
      "Regular communication and meetings",
      "Clear escalation procedures",
      "Vendor performance scorecards",
      "Continuous improvement discussions",
      "Transparent communication about issues",
      "Recognition for good performance",
      "Regular review and renewal discussions"
    ],
    "risk_management": [
      "Risk assessment of each vendor",
      "Higher scrutiny for critical systems",
      "Contingency planning for vendor failure",
      "Backup vendor or internal capability",
      "Insurance for vendor-related risks",
      "Escrow arrangements for critical code",
      "Business continuity requirements",
      "Disaster recovery testing"
    ]
  },
  "gambling_operator_specific_guidance": {
    "rng_vendor_management": [
      {
        "principle": "Vendor Expertise",
        "guidance": "Engage only vendors with demonstrated expertise in RNG development. Require evidence of cryptography qualifications and previous RNG implementations."
      },
      {
        "principle": "Independent Validation",
        "guidance": "Require independent RNG validation by qualified experts. Do not rely solely on vendor testing. Engage independent labs or auditors."
      },
      {
        "principle": "Source Code Escrow",
        "guidance": "Mandatory source code escrow for any outsourced RNG development. Ensures access to code if vendor fails or relationship ends."
      },
      {
        "principle": "Audit Rights",
        "guidance": "Unrestricted audit rights including code review, testing procedures, and mathematical validation. Right to engage independent auditors at any time."
      }
    ],
    "game_system_vendor_management": [
      {
        "principle": "Game Integrity",
        "guidance": "Contracts must require game outcome integrity controls, tamper detection, and audit trail completeness. Testing must validate outcome recording accuracy."
      },
      {
        "principle": "Compliance",
        "guidance": "Vendor must understand gambling regulatory requirements including RTS Chapter 4. Experience with UK gambling systems preferred."
      },
      {
        "principle": "Testing Rigor",
        "guidance": "Comprehensive security testing including penetration testing by qualified testers. Test for game manipulation and outcome tampering."
      }
    ],
    "payment_system_vendor_management": [
      {
        "principle": "PCI DSS Compliance",
        "guidance": "Vendor must be PCI DSS Level 1 compliant or equivalent. Annual audits verifying compliance required."
      },
      {
        "principle": "Payment Security",
        "guidance": "Strong encryption, secure key management, and secure payment processing. No storage of sensitive payment data."
      },
      {
        "principle": "Testing and Validation",
        "guidance": "Regular penetration testing of payment systems. Vulnerability scanning required."
      }
    ],
    "customer_data_vendor_management": [
      {
        "principle": "Data Protection",
        "guidance": "GDPR and UK Data Protection Act compliance mandatory. Data Processing Agreements required. Enhanced controls for personal data."
      },
      {
        "principle": "Data Security",
        "guidance": "Encryption of personal data, secure backup and recovery, and secure deletion procedures. Access restricted to necessary personnel."
      },
      {
        "principle": "Audit and Monitoring",
        "guidance": "Regular audits of vendor data handling practices. Incident reporting for any data breaches."
      }
    ],
    "vendor_audit_checklist": [
      "Security certifications current and valid",
      "Recent security audit reports reviewed",
      "Penetration testing completed",
      "Vulnerability scanning results reviewed",
      "Testing and validation procedures in place",
      "Incident history and response reviewed",
      "Personnel background checks performed",
      "Physical security verified",
      "Business continuity plans adequate",
      "Data protection compliance verified",
      "Code review procedures in place",
      "Access controls implemented",
      "Monitoring and logging enabled"
    ]
  },
  "document_metadata": {
    "created_date": "2025-10-17",
    "source": "ISO/IEC 27001:2022 Annex A Control 8.30",
    "ukgc_reference": "RTS Chapter 4 - Security Requirements",
    "format": "Structured JSON for MCP integration",
    "version": "1.0",
    "standard_version": "ISO/IEC 27001:2022",
    "file_name": "iso-27001-annex-a-8.30-outsourced-development.json",
    "content_coverage": "Complete - all source document content extracted and structured with comprehensive gambling-specific guidance including RNG vendor management, game system outsourcing, payment processing vendors, and customer data protection requirements"
  }
}