{
  "jurisdiction": "United Kingdom",
  "regulatory_authority": {
    "name": "UK Gambling Commission",
    "abbreviation": "UKGC",
    "website": "https://www.gamblingcommission.gov.uk"
  },
  "standard_authority": {
    "name": "International Organization for Standardization",
    "abbreviation": "ISO",
    "standard": "ISO/IEC 27001:2022"
  },
  "document_type": "ISO 27001 Security Requirements - Annex A Control",
  "document_reference": "ISO 27001 Annex A 8.20",
  "last_updated": "2025-01-15",
  "legal_status": "mandatory",
  "applies_to_note": "All gambling operators subject to RTS Chapter 4 - Security Requirements",
  "control_category": "Technical Controls",
  "control": {
    "control_id": "ISO_27001_A_8.20",
    "control_number": "A 8.20",
    "control_title": "Network Security",
    "control_type": "Preventive and detective control",
    "control_purpose": "To protect information in networks and supporting information processing facilities from compromise via network access",
    "control_objective": "Secure, manage and control networks and network devices to prevent unauthorized access and protect information systems and applications"
  },
  "iso_27001_definition": {
    "official_text": "Networks and network devices should be secured, managed and controlled to protect information in systems and applications.",
    "key_requirements": [
      "Networks secured against unauthorized access",
      "Network devices secured and hardened",
      "Networks managed and controlled",
      "Information protection from network compromise",
      "Documentation of network architecture and controls",
      "Roles and responsibilities defined",
      "Logging and monitoring of network activities",
      "Technical security controls implemented"
    ]
  },
  "control_purpose_detail": {
    "purpose": "Preventive and detective control protecting information systems and applications from compromise through network access",
    "scope": [
      "All organization networks and network segments",
      "All network devices and infrastructure",
      "Data in transit across networks",
      "Remote access networks",
      "Virtual networks and cloud connections",
      "Guest and public networks",
      "Network management channels"
    ],
    "key_outcome": "Secure network infrastructure with access controls, encryption, monitoring and documented management"
  },
  "prerequisites": {
    "description": "Before implementing network security, foundational requirements must be met",
    "required_prerequisites": [
      {
        "prerequisite": "System and Network Inventory",
        "description": "Complete inventory of network devices and connected systems",
        "rationale": "Must identify all network components to secure them",
        "reference": "ISO 27001 A 5.9 - Inventory of information and other associated assets"
      },
      {
        "prerequisite": "Information Classification",
        "description": "Classification of information by sensitivity level",
        "rationale": "Network security controls aligned with data sensitivity",
        "reference": "ISO 27001 A 5.12 - Classification of information"
      },
      {
        "prerequisite": "Access Control Policy",
        "description": "Documented access control requirements",
        "rationale": "Network controls implement broader access control policy",
        "reference": "ISO 27001 A 5.15 - Access control"
      },
      {
        "prerequisite": "Risk Assessment",
        "description": "Network security risks identified and assessed",
        "rationale": "Controls designed to mitigate identified risks",
        "reference": "ISO 27001 A 5.1 - Policies for information security"
      }
    ]
  },
  "implementation_requirements": [
    {
      "requirement_id": "A_8.20_REQ_1",
      "requirement": "Document Network Architecture",
      "description": "Create and maintain comprehensive documentation of network architecture and configuration",
      "details": {
        "documentation_requirements": [
          "Network diagrams showing all network segments and connections",
          "Physical and logical network topology documented",
          "All network devices identified and documented",
          "Network device configuration files maintained",
          "IP addressing scheme documented",
          "VLAN configuration documented",
          "Network access rules and firewall rules documented",
          "Remote access network documented",
          "Third-party network connections documented",
          "Changes to network configuration documented with dates"
        ],
        "documentation_classification": [
          "Network documentation classified as confidential",
          "Version control maintained",
          "Document hygiene including classification labels",
          "Limited access to network documentation",
          "Regular review and update of documentation"
        ],
        "data_classification_mapping": [
          "Data classification level mapped to networks carrying data",
          "Confidential data networks identified",
          "Public data networks identified",
          "Guest network classification documented",
          "Data protection considerations documented"
        ]
      }
    },
    {
      "requirement_id": "A_8.20_REQ_2",
      "requirement": "Define Roles and Responsibilities",
      "description": "Document network management roles and assign clear responsibilities",
      "details": {
        "role_definitions": [
          "Network administrator - manages network configuration",
          "Network security officer - oversees network security",
          "Network operations - monitors network operation",
          "Network change manager - approves network changes",
          "Incident responder - responds to network security incidents",
          "Network auditor - conducts network security audits"
        ],
        "responsibility_assignment": [
          "Clear role descriptions documented",
          "Specific personnel assigned to each role",
          "Backup coverage for critical roles defined",
          "Roles segregated to prevent conflicts of interest",
          "Authority and permissions clearly defined"
        ],
        "access_management_process": [
          "Request and approval procedure for network access",
          "Segregation of duty in access approval",
          "Access granted based on documented business need",
          "Access removal when no longer needed",
          "Regular review of access assignments"
        ]
      }
    },
    {
      "requirement_id": "A_8.20_REQ_3",
      "requirement": "Implement Technical Network Security Controls",
      "description": "Deploy technical controls to secure networks and network devices",
      "details": {
        "encryption_controls": [
          "Encryption of sensitive data in transit (TLS/SSL)",
          "VPN or encrypted tunnels for remote access",
          "Encryption algorithms and protocols documented",
          "Certificate management for encryption",
          "Encryption key management procedures"
        ],
        "access_control_and_filtering": [
          "Firewall implementation at network perimeter",
          "Network segmentation and VLANs",
          "Access control lists on network devices",
          "Intrusion prevention systems (IPS)",
          "Web application firewalls for web traffic",
          "Connection filtering based on business requirements"
        ],
        "network_device_hardening": [
          "Default passwords changed on all devices",
          "Unnecessary network services disabled",
          "Vulnerable network protocols disabled (telnet, rsh, etc.)",
          "Administrative access limited and secured",
          "Management interfaces protected",
          "Regular firmware updates and patching"
        ],
        "authentication_controls": [
          "Network access authentication required",
          "802.1X or similar network authentication",
          "Multi-factor authentication for administrative access",
          "Default service accounts removed",
          "Strong password requirements enforced"
        ],
        "virtual_network_controls": [
          "Virtual network architecture documented",
          "Isolation of virtual networks where appropriate",
          "Virtual network security controls equivalent to physical",
          "Reference to ISO/IEC TS 23167 for guidance"
        ]
      }
    },
    {
      "requirement_id": "A_8.20_REQ_4",
      "requirement": "Implement Logging and Monitoring",
      "description": "Establish logging and monitoring of network security-relevant activities",
      "details": {
        "logging_requirements": [
          "Firewall logs capturing allowed and denied connections",
          "Network device configuration changes logged",
          "Administrative access to network devices logged",
          "Network authentication attempts logged",
          "Intrusion detection events logged",
          "Network traffic analysis and alerts",
          "Log retention appropriate for investigation"
        ],
        "monitoring_activities": [
          "Real-time monitoring of network traffic",
          "Monitoring of perimeter firewall activity",
          "Monitoring for intrusion attempts",
          "Monitoring of network device health and availability",
          "Alerts for suspicious network activity",
          "Regular review of network logs",
          "Correlation of network events with system events"
        ],
        "security_information_and_event_management": [
          "SIEM or similar tool for log aggregation",
          "Automated alerting for security events",
          "Correlation of network events across systems",
          "Trend analysis of network security events",
          "Reporting of network security metrics"
        ]
      }
    },
    {
      "requirement_id": "A_8.20_REQ_5",
      "requirement": "Manage Network Changes",
      "description": "Implement change management for network configuration and devices",
      "details": {
        "change_management_process": [
          "All network changes require formal request",
          "Change impact assessment conducted",
          "Change approval by authorized authority",
          "Change implementation schedule planned",
          "Rollback procedures documented",
          "Change implementation documented",
          "Post-change verification and testing",
          "Unauthorized changes detected and investigated"
        ],
        "change_documentation": [
          "Configuration changes logged with date and person",
          "Reason for change documented",
          "Approval evidence maintained",
          "Before and after configuration captured",
          "Testing results documented"
        ],
        "segregation_of_duty": [
          "Change request and approval by different persons",
          "Implementation by authorized technician",
          "Independent verification of change",
          "No self-approval of changes"
        ]
      }
    },
    {
      "requirement_id": "A_8.20_REQ_6",
      "requirement": "Manage Remote Access Networks",
      "description": "Implement security controls specific to remote access capabilities",
      "details": {
        "remote_access_requirements": [
          "VPN or encrypted tunnel required for remote access",
          "Multi-factor authentication for remote access",
          "Remote access audit trail maintained",
          "Time-limited remote access sessions",
          "Remote access limitations by user role",
          "Geographic or IP-based access restrictions where appropriate",
          "Monitoring of remote access for anomalies"
        ],
        "remote_access_documentation": [
          "Remote access policy documented",
          "Approved remote access methods listed",
          "Remote access user roles and permissions",
          "Remote access audit procedures",
          "Incident procedures for remote access compromise"
        ]
      }
    },
    {
      "requirement_id": "A_8.20_REQ_7",
      "requirement": "Secure Third-Party Network Connections",
      "description": "Apply security controls to connections with external parties",
      "details": {
        "third_party_connection_security": [
          "Third-party connections documented",
          "Security requirements defined in contracts",
          "Data exchange secured and encrypted",
          "Access restricted to necessary scope",
          "Connection monitoring and logging",
          "Regular security assessment of connections",
          "Incident response procedures for third-party access"
        ],
        "third_party_access_controls": [
          "Third-party users identified and authenticated",
          "Access permissions limited and time-bound",
          "Third-party access audit trail maintained",
          "Automatic access removal on contract termination",
          "Regular review of third-party access"
        ]
      }
    },
    {
      "requirement_id": "A_8.20_REQ_8",
      "requirement": "Implement Network Segmentation",
      "description": "Design and implement network segmentation to segregate and protect critical systems",
      "details": {
        "segmentation_strategy": [
          "Network segmented by function and criticality",
          "Administrative networks segregated from user networks",
          "Payment systems on segregated networks",
          "Game systems on segregated networks",
          "Customer data on segregated networks",
          "Firewall rules enforcing segmentation",
          "DMZ for external-facing systems"
        ],
        "segmentation_implementation": [
          "VLAN implementation for network isolation",
          "Virtual network isolation in cloud environments",
          "Firewall rules between segments",
          "Access control between segments",
          "Monitoring of inter-segment traffic",
          "Logging of cross-segment communications"
        ]
      }
    },
    {
      "requirement_id": "A_8.20_REQ_9",
      "requirement": "Test and Verify Network Security",
      "description": "Conduct testing to verify network security controls are functioning",
      "details": {
        "testing_activities": [
          "Verify firewall rules are functioning correctly",
          "Test access control enforcement",
          "Verify encryption is operating",
          "Test authentication requirements",
          "Verify logging and monitoring are capturing events",
          "Test intrusion detection alerting",
          "Verify network segmentation is effective"
        ],
        "testing_frequency": [
          "Initial testing after implementation",
          "Testing after configuration changes",
          "Regular periodic testing (quarterly)",
          "Testing as part of internal audits",
          "Penetration testing of network perimeter"
        ],
        "testing_documentation": [
          "Test procedures documented",
          "Test results recorded with dates",
          "Issues identified and remediated",
          "Verification of remediation",
          "Evidence of testing retained"
        ]
      }
    }
  ],
  "implementation_steps": {
    "steps": [
      {
        "step": 1,
        "action": "Assess current network architecture",
        "detail": "Document existing network configuration and identify security gaps"
      },
      {
        "step": 2,
        "action": "Create network security policy",
        "detail": "Develop policy documenting network security requirements and standards"
      },
      {
        "step": 3,
        "action": "Document network architecture",
        "detail": "Create detailed network diagrams and configuration documentation"
      },
      {
        "step": 4,
        "action": "Define roles and responsibilities",
        "detail": "Document network management roles and access management process"
      },
      {
        "step": 5,
        "action": "Implement firewall and perimeter security",
        "detail": "Deploy firewall and access control at network perimeter"
      },
      {
        "step": 6,
        "action": "Implement network segmentation",
        "detail": "Deploy VLANs and segmentation controls"
      },
      {
        "step": 7,
        "action": "Implement encryption",
        "detail": "Deploy encryption for sensitive data in transit"
      },
      {
        "step": 8,
        "action": "Harden network devices",
        "detail": "Configure network devices with security hardening measures"
      },
      {
        "step": 9,
        "action": "Implement logging and monitoring",
        "detail": "Deploy SIEM or logging infrastructure for network monitoring"
      },
      {
        "step": 10,
        "action": "Test and verify controls",
        "detail": "Conduct testing to verify network security controls are operational"
      }
    ]
  },
  "compliance_checklist": {
    "description": "Steps to comply with ISO 27001 Annex A 8.20",
    "checklist": [
      {
        "item": "Network security policy documented and approved",
        "status": "required"
      },
      {
        "item": "Network architecture and topology documented with diagrams",
        "status": "required"
      },
      {
        "item": "Network device inventory and configuration documented",
        "status": "required"
      },
      {
        "item": "Network data classification and security requirements documented",
        "status": "required"
      },
      {
        "item": "Roles and responsibilities for network management defined",
        "status": "required"
      },
      {
        "item": "Access control processes for network access implemented",
        "status": "required"
      },
      {
        "item": "Firewall implemented at network perimeter",
        "status": "required"
      },
      {
        "item": "Network segmentation implemented with documented rules",
        "status": "required"
      },
      {
        "item": "Encryption implemented for sensitive data in transit",
        "status": "required"
      },
      {
        "item": "Network devices hardened with default passwords changed",
        "status": "required"
      },
      {
        "item": "Vulnerable network protocols disabled",
        "status": "required"
      },
      {
        "item": "Network authentication controls implemented",
        "status": "required"
      },
      {
        "item": "Remote access VPN and controls implemented",
        "status": "required"
      },
      {
        "item": "Network logging and monitoring implemented",
        "status": "required"
      },
      {
        "item": "Network change management process documented and followed",
        "status": "required"
      },
      {
        "item": "Third-party network connections secured and documented",
        "status": "required"
      },
      {
        "item": "Network security testing performed and documented",
        "status": "required"
      },
      {
        "item": "Internal audit of network security controls conducted",
        "status": "required"
      }
    ]
  },
  "common_mistakes": {
    "description": "Top 3 mistakes organizations make with network security",
    "mistakes": [
      {
        "rank": 1,
        "mistake": "Inadequate network documentation and maintenance",
        "description": "Network documentation is missing, incomplete or outdated creating uncertainty about network configuration and preventing effective security management",
        "root_cause": [
          "Network documentation not prioritized in initial setup",
          "Documentation not updated as network changes",
          "No responsibility assigned for maintaining documentation",
          "Poor version control and document management",
          "Rapid network changes without documentation process"
        ],
        "impact": "Auditors cannot verify network security controls, unauthorized changes undetected, security gaps unknown, incident response complicated",
        "prevention": [
          "Establish network documentation standards and templates",
          "Assign responsibility for maintaining documentation",
          "Implement version control procedures",
          "Require documentation updates with every change",
          "Schedule quarterly documentation review",
          "Maintain network diagrams with current topology",
          "Store documentation securely and maintain access controls"
        ]
      },
      {
        "rank": 2,
        "mistake": "No network segmentation allowing lateral movement",
        "description": "Networks not segmented allowing attacker compromise of one system to spread across entire network",
        "root_cause": [
          "Flat network architecture without segmentation",
          "All systems on same network segment",
          "No firewall rules between network segments",
          "Lack of understanding of segmentation importance",
          "Complexity perception discouraging segmentation"
        ],
        "impact": "Breach in one system allows access to all systems, customer data exposure, game system compromise, regulatory violation",
        "prevention": [
          "Design network with multiple segments by function",
          "Segregate critical systems (games, payments, customer data)",
          "Implement firewall rules enforcing segmentation",
          "Monitor traffic between segments for anomalies",
          "Use VLANs for virtual segmentation",
          "Apply principle of least privilege to inter-segment traffic"
        ]
      },
      {
        "rank": 3,
        "mistake": "Inadequate monitoring and logging of network activity",
        "description": "Network activity not logged or monitored preventing detection of security incidents and intrusions",
        "root_cause": [
          "Logging not enabled on firewall or network devices",
          "Log retention too short for investigation",
          "No monitoring of logs for security events",
          "No alerting for suspicious activity",
          "Logs stored but not reviewed",
          "Cost consideration reducing logging"
        ],
        "impact": "Security incidents undetected until damage is done, forensic investigation impossible, compliance failures, regulatory penalties",
        "prevention": [
          "Enable logging on all network devices",
          "Collect network logs in centralized system (SIEM)",
          "Configure alerts for suspicious network activity",
          "Establish log retention periods for investigation",
          "Implement regular log review procedures",
          "Correlate network logs with application and system logs",
          "Train personnel to investigate network alerts"
        ]
      }
    ]
  },
  "audit_requirements": {
    "description": "What auditors will check during ISO 27001 A 8.20 audit",
    "audit_areas": [
      {
        "area": "1. Network Documentation",
        "description": "Verify comprehensive network documentation exists and is current",
        "checks": [
          "Network diagrams showing topology and connections exist",
          "Network device inventory documented",
          "Configuration files for network devices documented",
          "IP addressing scheme documented",
          "VLAN configuration documented",
          "Network access rules and firewall rules documented",
          "Documentation version controlled and current"
        ]
      },
      {
        "area": "2. Data Classification and Network Security",
        "description": "Verify network security aligned with data sensitivity",
        "checks": [
          "Data classification scheme exists",
          "Network classification levels documented",
          "Security controls aligned with data classification",
          "Confidential data networks identified",
          "Public network segregation verified"
        ]
      },
      {
        "area": "3. Roles and Responsibilities",
        "description": "Verify clear definition of network management responsibilities",
        "checks": [
          "Network management roles documented",
          "Personnel assigned to each role",
          "Access management process for network access defined",
          "Segregation of duty verified",
          "Request and approval process documented"
        ]
      },
      {
        "area": "4. Technical Network Security",
        "description": "Verify technical security controls implemented",
        "checks": [
          "Firewall implementation at perimeter verified",
          "Network segmentation configured and enforced",
          "Encryption of sensitive data in transit verified",
          "Network device hardening verified",
          "Default passwords changed",
          "Vulnerable protocols disabled",
          "Network authentication controls in place"
        ]
      },
      {
        "area": "5. Logging and Monitoring",
        "description": "Verify network activity logging and monitoring",
        "checks": [
          "Network device logging enabled",
          "Firewall logs capturing allowed and denied traffic",
          "Configuration changes logged",
          "Monitoring system collecting network logs",
          "Alerts configured for suspicious activity",
          "Regular log review demonstrated"
        ]
      },
      {
        "area": "6. Change Management",
        "description": "Verify network changes controlled and documented",
        "checks": [
          "Change management process documented",
          "Network changes require formal request and approval",
          "Segregation of duty in approval",
          "Changes documented with dates and person",
          "Testing and verification after changes",
          "Rollback procedures for failed changes"
        ]
      },
      {
        "area": "7. Remote Access and Third-Party Connections",
        "description": "Verify remote access and third-party connections secured",
        "checks": [
          "Remote access VPN or encrypted tunnel documented",
          "Multi-factor authentication for remote access",
          "Remote access audit trail maintained",
          "Third-party connections documented",
          "Third-party access controlled and monitored",
          "Security requirements in third-party contracts"
        ]
      },
      {
        "area": "8. Gambling Operator-Specific Network Security",
        "description": "Verify network security for critical gambling systems",
        "checks": [
          "Game servers on segregated network segment",
          "Payment processing network segregated",
          "Customer data network segregated",
          "RNG systems isolated from external networks",
          "Encryption between critical systems",
          "Monitoring of critical system network traffic"
        ]
      }
    ]
  },
  "ukgc_application": {
    "critical_systems_context": "For gambling operators, network security is critical for protecting customer funds, personal data, game integrity and regulatory compliance. UKGC expects comprehensive network documentation, segregation of critical systems, encryption of sensitive data and monitoring of network activity.",
    "specific_requirements": [
      "Game servers and RNG systems on segregated network with restricted access",
      "Payment processing systems on dedicated network segment with encryption",
      "Customer data systems segregated with encryption and access controls",
      "Customer account systems segregated from public-facing systems",
      "Network documentation current and available for auditor review",
      "Firewall rules enforcing network segmentation documented",
      "Network monitoring detecting unauthorized access attempts",
      "Remote access secured with VPN and multi-factor authentication",
      "Third-party connections to payment processors secured and monitored",
      "Network changes managed through formal change control process"
    ],
    "compliance_requirement": "Gambling operators must implement comprehensive network security with documentation, segmentation, encryption, monitoring and change control to protect critical systems and customer data from network-based compromise"
  },
  "compliance_notes": {
    "overall_purpose": "Establish secure, documented and monitored network infrastructure protecting information systems and applications from network-based compromise",
    "enforcement_priority": "Critical - network security is foundation for protecting all systems; weak network security undermines all other controls",
    "key_principles": [
      "Comprehensive network documentation maintained and current",
      "Network segmentation by function and criticality",
      "Encryption of sensitive data in transit",
      "Firewall and access control enforcement",
      "Network device hardening with secure configuration",
      "Logging and monitoring of network activity",
      "Change management for network modifications",
      "Clear roles and responsibilities for network management",
      "Regular testing and verification of controls"
    ]
  },
  "to_pass_the_audit": {
    "description": "To comply with ISO 27001 Annex A 8.20 Network Security, implement",
    "requirements": [
      "Documented network security policy approved by management",
      "Current network diagrams showing topology and all network segments",
      "Complete inventory of network devices with configurations",
      "Data classification mapped to network security requirements",
      "Documented roles and responsibilities for network management",
      "Firewall implemented and configured at network perimeter",
      "Network segmentation with documented firewall rules",
      "Segregation of critical systems: games, payments, customer data",
      "Encryption implemented for sensitive data in transit",
      "Network devices hardened with default passwords changed",
      "Vulnerable network protocols disabled",
      "Network authentication controls in place",
      "Remote access secured with VPN and multi-factor authentication",
      "Network logging and monitoring implemented",
      "SIEM or centralized logging collecting network events",
      "Alerts configured for suspicious network activity",
      "Network change management process documented and followed",
      "Third-party network connections documented and secured",
      "Network security testing performed and documented",
      "Internal audit of network security controls conducted"
    ]
  },
  "related_requirements": {
    "rts_reference": "UK Gambling Commission Remote Technical Standards (RTS) Chapter 4 - Systems and Operational Security",
    "related_controls": [
      {
        "control": "ISO 27001 A 5.15 - Access control",
        "relationship": "Network access controls implement broader access control policy"
      },
      {
        "control": "ISO 27001 A 8.1 - Networks and information processing facilities",
        "relationship": "Network infrastructure must be designed for security"
      },
      {
        "control": "ISO 27001 A 8.15 - Logging",
        "relationship": "Network events must be logged for investigation and analysis"
      },
      {
        "control": "ISO 27001 A 8.21 - Security of network services",
        "relationship": "Network services must be secured individually"
      },
      {
        "control": "ISO 27001 A 8.22 - Segmentation of networks",
        "relationship": "Network segmentation as specific implementation of network security"
      }
    ]
  },
  "best_practices": {
    "network_design_best_practices": [
      "Design networks with security in mind from the start",
      "Segment networks by function, criticality and data sensitivity",
      "Use defense-in-depth approach with multiple security layers",
      "Isolate critical systems (games, payments) from other networks",
      "Create DMZ for external-facing systems",
      "Restrict administrative networks from user networks",
      "Use VPNs for remote access and third-party connections",
      "Implement network zones based on security requirements"
    ],
    "firewall_and_access_control_best_practices": [
      "Implement firewall at network perimeter and between segments",
      "Use default-deny rule set allowing only necessary traffic",
      "Document and justify all firewall rules",
      "Regularly review and clean up unused rules",
      "Implement application-layer firewall for critical applications",
      "Use intrusion prevention systems for threat detection",
      "Configure firewall high availability and failover",
      "Monitor firewall performance and resource utilization"
    ],
    "network_device_hardening_best_practices": [
      "Remove or disable default user accounts",
      "Change all default passwords",
      "Disable unnecessary network services and features",
      "Disable vulnerable protocols (Telnet, SNMP v1/v2, HTTP)",
      "Use SSH instead of Telnet for remote access",
      "Implement strong authentication for administrative access",
      "Apply vendor security patches promptly",
      "Monitor for and respond to security advisories"
    ],
    "monitoring_and_logging_best_practices": [
      "Enable logging on all network devices",
      "Collect logs in centralized SIEM system",
      "Retain network logs for sufficient period for investigation",
      "Configure alerts for security-relevant events",
      "Establish procedures for monitoring and alert review",
      "Correlate network logs with system and application logs",
      "Use behavioral analytics to detect anomalies",
      "Generate regular reports on network security metrics"
    ]
  },
  "gambling_operator_specific_guidance": {
    "critical_system_segregation": "Game servers and RNG systems must be on segregated networks with restricted access. Payment processing systems must be on dedicated network segments with encryption. Customer data systems must be segregated from public-facing systems. Network segregation is critical for protecting game integrity and customer data.",
    "payment_system_protection": "Network connections to payment processors must be encrypted and monitored. Payment gateway traffic must be on dedicated network segment. Firewall rules must restrict payment system access to authorized systems only. Network monitoring must alert on unusual payment system traffic.",
    "customer_data_protection": "Customer data systems must be segregated from operational networks. Network access to customer data must be restricted and logged. Encryption must protect customer data in transit. Network segmentation prevents unauthorized access to customer information.",
    "remote_access_security": "All remote access must use VPN with encryption. Multi-factor authentication required for remote access. Remote access must be restricted to specific network segments. Monitoring and logging of all remote access sessions required.",
    "compliance_documentation": "Network diagrams and configuration documentation must be current and available. Firewall rules and access control lists must be documented. Network changes must be documented with approval. Documentation must be reviewed during UKGC audits.",
    "audit_readiness": "To be audit-ready: provide current network diagrams; provide firewall rule documentation; demonstrate network segmentation; provide firewall and network logs; show monitoring evidence; demonstrate testing of network controls; show approval for all network changes; provide third-party connection security documentation."
  },
  "document_metadata": {
    "created_date": "2025-01-15",
    "source": "ISO 27001 Annex A 8.20 Network Security Source Document - Converted for UKGC Compliance",
    "ukgc_reference": "Remote Technical Standards (RTS) Chapter 4 - Systems and Operational Security",
    "format": "JSON",
    "version": "1.0",
    "standard_version": "ISO 27001:2022",
    "file_name": "iso-27001-annex-a-8.20-network-security.json",
    "content_coverage": "Comprehensive coverage of ISO 27001 A.8.20 Network Security control including purpose, definition, implementation requirements, compliance procedures, common mistakes, audit requirements and UKGC-specific application for gambling operators"
  }
}