{
  "jurisdiction": "United Kingdom",
  "regulatory_authority": "UK Gambling Commission",
  "document_type": "Cross-Reference Mapping Document",
  "document_reference": "CRM-2024",
  "last_updated": "2025-10-21",
  "document_purpose": "Comprehensive mapping linking LCCP provisions to supporting ISO 27001 controls and RTS technical specifications",
  "mapping_overview": {
    "total_lccp_provisions": 52,
    "total_iso27001_controls": 40,
    "total_rts_chapters": 17,
    "mapping_relationships": "Each LCCP provision mapped to supporting ISO 27001 controls and RTS specifications that enable compliance"
  },
  "lccp_operating_licence_conditions_mappings": [
    {
      "lccp_section": "Section 1 - Qualified Persons",
      "mappings": [
        {
          "lccp_id": "1.1.1",
          "lccp_title": "Qualified Persons - Qualifying Position",
          "lccp_requirement": "Maintain qualified persons list and notify changes within 28 days",
          "supporting_iso27001_controls": [
            {
              "control_id": "A_5.1",
              "control_title": "Policies for Information Security",
              "relationship": "Requires policy governing qualified person roles and responsibilities"
            },
            {
              "control_id": "A_5.16",
              "control_title": "Identity Management",
              "relationship": "Identity and role management for qualified persons"
            },
            {
              "control_id": "A_6.3",
              "control_title": "Awareness and Training",
              "relationship": "Training requirements for qualified persons on their responsibilities"
            }
          ],
          "supporting_rts": [
            {
              "rts_id": "rts_07",
              "rts_title": "Generation of Random Outcomes",
              "relationship": "For technical qualified persons managing RNG systems - certification and oversight"
            }
          ]
        }
      ]
    },
    {
      "lccp_section": "Section 2 - Technical Standards",
      "mappings": [
        {
          "lccp_id": "2.1",
          "lccp_title": "Key Equipment - Inspection Rights",
          "lccp_requirement": "Permit enforcement officer to inspect remote gambling equipment",
          "supporting_iso27001_controls": [
            {
              "control_id": "A_5.1",
              "control_title": "Policies for Information Security",
              "relationship": "Policy covering equipment access and inspection procedures"
            },
            {
              "control_id": "A_8.1",
              "control_title": "User Endpoint Device Security",
              "relationship": "Security of endpoints subject to inspection"
            }
          ],
          "supporting_rts": [
            {
              "rts_id": "rts_07",
              "rts_title": "Generation of Random Outcomes",
              "relationship": "Equipment inspection related to RNG certification and testing"
            }
          ]
        },
        {
          "lccp_id": "2.2.1",
          "lccp_title": "Gambling Software",
          "lccp_requirement": "All gambling software must be from licensed operators only",
          "supporting_iso27001_controls": [
            {
              "control_id": "A_5.1",
              "control_title": "Policies for Information Security",
              "relationship": "Policy governing software sourcing and vendor management"
            },
            {
              "control_id": "A_5.19",
              "control_title": "Supplier Relationships",
              "relationship": "Relationship management with licensed software suppliers"
            },
            {
              "control_id": "A_5.20",
              "control_title": "Supplier Agreements",
              "relationship": "Contractual requirements for software suppliers"
            },
            {
              "control_id": "A_5.22",
              "control_title": "Supplier Monitoring",
              "relationship": "Monitoring software supplier compliance"
            },
            {
              "control_id": "A_8.30",
              "control_title": "Outsourced Development",
              "relationship": "Outsourced software development governance"
            }
          ],
          "supporting_rts": [
            {
              "rts_id": "rts_16",
              "rts_title": "Use of Third-Party Software",
              "relationship": "Third-party software integration requirements and testing"
            }
          ]
        }
      ]
    },
    {
      "lccp_section": "Section 4 - Protection of Customer Funds",
      "mappings": [
        {
          "lccp_id": "4.1.1",
          "lccp_title": "Segregation of Funds",
          "lccp_requirement": "Customer funds must be held in separate client segregated bank account",
          "supporting_iso27001_controls": [
            {
              "control_id": "A_5.1",
              "control_title": "Policies for Information Security",
              "relationship": "Policy governing fund segregation and protection procedures"
            },
            {
              "control_id": "A_8.24",
              "control_title": "Use of Cryptography",
              "relationship": "Encryption of fund account details and transaction data"
            },
            {
              "control_id": "A_8.15",
              "control_title": "Logging",
              "relationship": "Audit trail of all fund movements and access"
            },
            {
              "control_id": "A_8.2",
              "control_title": "Privileged Access Rights",
              "relationship": "Restricted access to fund accounts and systems"
            },
            {
              "control_id": "A_5.18",
              "control_title": "Access Rights",
              "relationship": "Role-based access control for fund systems"
            }
          ],
          "supporting_rts": [
            {
              "rts_id": "rts_01",
              "rts_title": "Customer Account Information",
              "relationship": "Accurate recording of customer fund balances"
            },
            {
              "rts_id": "rts_02",
              "rts_title": "Displaying Transactions",
              "relationship": "Transaction records for fund movements"
            }
          ]
        },
        {
          "lccp_id": "4.2.1",
          "lccp_title": "Disclosure to Customers",
          "lccp_requirement": "Clear disclosure of fund protection arrangements in T&Cs",
          "supporting_iso27001_controls": [
            {
              "control_id": "A_5.1",
              "control_title": "Policies for Information Security",
              "relationship": "Policy on customer information disclosure"
            }
          ],
          "supporting_rts": [
            {
              "rts_id": "rts_01",
              "rts_title": "Customer Account Information",
              "relationship": "Customer visibility of fund protection information"
            }
          ]
        }
      ]
    },
    {
      "lccp_section": "Section 5 - Payment",
      "mappings": [
        {
          "lccp_id": "5.1.1",
          "lccp_title": "Cash and Cash Equivalents",
          "lccp_requirement": "Policies on cash/cash equivalents to minimize ML risk",
          "supporting_iso27001_controls": [
            {
              "control_id": "A_5.1",
              "control_title": "Policies for Information Security",
              "relationship": "Policy governing cash handling and money laundering prevention"
            },
            {
              "control_id": "A_8.24",
              "control_title": "Use of Cryptography",
              "relationship": "Encryption of payment data"
            }
          ],
          "supporting_rts": [
            {
              "rts_id": "rts_01",
              "rts_title": "Customer Account Information",
              "relationship": "Recording of cash and equivalent deposits"
            }
          ]
        },
        {
          "lccp_id": "5.1.2",
          "lccp_title": "Payment Methods and Services",
          "lccp_requirement": "Only accept payments from regulated payment service providers",
          "supporting_iso27001_controls": [
            {
              "control_id": "A_5.1",
              "control_title": "Policies for Information Security",
              "relationship": "Policy on approved payment service providers"
            },
            {
              "control_id": "A_5.19",
              "control_title": "Supplier Relationships",
              "relationship": "Management of PSP relationships"
            },
            {
              "control_id": "A_5.20",
              "control_title": "Supplier Agreements",
              "relationship": "PSP supply agreements with compliance requirements"
            },
            {
              "control_id": "A_8.24",
              "control_title": "Use of Cryptography",
              "relationship": "Encryption of payment transactions"
            }
          ],
          "supporting_rts": [
            {
              "rts_id": "rts_01",
              "rts_title": "Customer Account Information",
              "relationship": "Recording of payment method and transactions"
            }
          ]
        }
      ]
    }
  ],
  "lccp_code_of_practice_mappings": [
    {
      "lccp_section": "Section 1 - General",
      "mappings": [
        {
          "lccp_id": "1.1.1",
          "lccp_title": "Cooperation with the Commission",
          "lccp_requirement": "Work openly with Commission and disclose material information",
          "supporting_iso27001_controls": [
            {
              "control_id": "A_5.1",
              "control_title": "Policies for Information Security",
              "relationship": "Policy supporting Commission cooperation and regulatory transparency"
            },
            {
              "control_id": "A_6.3",
              "control_title": "Awareness and Training",
              "relationship": "Staff training on regulatory obligations and Commission liaison"
            }
          ],
          "supporting_rts": []
        },
        {
          "lccp_id": "1.1.2",
          "lccp_title": "Responsibility for Third Parties",
          "lccp_requirement": "Licensees responsible for third party actions; require compliance in contracts",
          "supporting_iso27001_controls": [
            {
              "control_id": "A_5.1",
              "control_title": "Policies for Information Security",
              "relationship": "Policy governing third-party management and oversight"
            },
            {
              "control_id": "A_5.19",
              "control_title": "Supplier Relationships",
              "relationship": "Third-party relationship management and governance"
            },
            {
              "control_id": "A_5.20",
              "control_title": "Supplier Agreements",
              "relationship": "Contractual requirements for third parties"
            },
            {
              "control_id": "A_5.22",
              "control_title": "Supplier Monitoring",
              "relationship": "Monitoring third-party compliance with requirements"
            }
          ],
          "supporting_rts": []
        }
      ]
    },
    {
      "lccp_section": "Section 3.1 - Combating Problem Gambling",
      "mappings": [
        {
          "lccp_id": "3.1.1",
          "lccp_title": "Combating Problem Gambling",
          "lccp_requirement": "Have and implement SR gambling policies and procedures",
          "supporting_iso27001_controls": [
            {
              "control_id": "A_5.1",
              "control_title": "Policies for Information Security",
              "relationship": "Information security policy supporting problem gambling controls"
            },
            {
              "control_id": "A_6.3",
              "control_title": "Awareness and Training",
              "relationship": "Staff training on problem gambling identification and response"
            }
          ],
          "supporting_rts": [
            {
              "rts_id": "rts_12",
              "rts_title": "Financial Limits",
              "relationship": "Technical implementation of betting and stake limits"
            },
            {
              "rts_id": "rts_13",
              "rts_title": "Time Requirements and Reality Checks",
              "relationship": "Technical implementation of session monitoring and alerts"
            },
            {
              "rts_id": "rts_14",
              "rts_title": "Responsible Product Design",
              "relationship": "Product design features to minimize harm"
            }
          ]
        }
      ]
    },
    {
      "lccp_section": "Section 3.2 - Access to Gambling by Children",
      "mappings": [
        {
          "lccp_id": "3.2.1",
          "lccp_title": "Casinos SR Code - Preventing Underage Gambling",
          "lccp_requirement": "Casinos must prevent underage gambling through age verification and supervision",
          "supporting_iso27001_controls": [
            {
              "control_id": "A_5.1",
              "control_title": "Policies for Information Security",
              "relationship": "Policy governing age verification procedures"
            },
            {
              "control_id": "A_8.5",
              "control_title": "Secure Authentication",
              "relationship": "Secure identity verification systems"
            },
            {
              "control_id": "A_6.3",
              "control_title": "Awareness and Training",
              "relationship": "Staff training on age verification procedures"
            }
          ],
          "supporting_rts": []
        },
        {
          "lccp_id": "3.2.11",
          "lccp_title": "Remote SR Code - Preventing Underage Gambling",
          "lccp_requirement": "Remote operators must verify age before deposit, free-play, or wagering",
          "supporting_iso27001_controls": [
            {
              "control_id": "A_5.1",
              "control_title": "Policies for Information Security",
              "relationship": "Policy on remote age verification"
            },
            {
              "control_id": "A_8.5",
              "control_title": "Secure Authentication",
              "relationship": "Secure age verification systems"
            },
            {
              "control_id": "A_8.24",
              "control_title": "Use of Cryptography",
              "relationship": "Encryption of identity verification data"
            }
          ],
          "supporting_rts": [
            {
              "rts_id": "rts_01",
              "rts_title": "Customer Account Information",
              "relationship": "Age verification data recording and validation"
            }
          ]
        }
      ]
    },
    {
      "lccp_section": "Section 3.3 - Gambling Management Tools",
      "mappings": [
        {
          "lccp_id": "3.3.1",
          "lccp_title": "Responsible Gambling Information",
          "lccp_requirement": "Make RG information readily available to all customers",
          "supporting_iso27001_controls": [
            {
              "control_id": "A_5.1",
              "control_title": "Policies for Information Security",
              "relationship": "Policy on RG information disclosure"
            }
          ],
          "supporting_rts": []
        }
      ]
    },
    {
      "lccp_section": "Section 3.4 - Customer Interaction",
      "mappings": [
        {
          "lccp_id": "3.4.3",
          "lccp_title": "Remote Customer Interaction",
          "lccp_requirement": "Implement effective customer interaction systems to identify and act on harm indicators",
          "supporting_iso27001_controls": [
            {
              "control_id": "A_5.1",
              "control_title": "Policies for Information Security",
              "relationship": "Policy governing customer interaction and monitoring systems"
            },
            {
              "control_id": "A_8.15",
              "control_title": "Logging",
              "relationship": "Logging of customer activity and interaction records"
            },
            {
              "control_id": "A_8.1",
              "control_title": "User Endpoint Device Security",
              "relationship": "Security of customer interaction systems"
            },
            {
              "control_id": "A_6.3",
              "control_title": "Awareness and Training",
              "relationship": "Staff training on customer interaction procedures"
            }
          ],
          "supporting_rts": [
            {
              "rts_id": "rts_01",
              "rts_title": "Customer Account Information",
              "relationship": "Customer data captured for harm monitoring"
            },
            {
              "rts_id": "rts_12",
              "rts_title": "Financial Limits",
              "relationship": "Financial limit monitoring and alerts"
            },
            {
              "rts_id": "rts_13",
              "rts_title": "Time Requirements and Reality Checks",
              "relationship": "Session monitoring and player alerts"
            }
          ]
        },
        {
          "lccp_id": "3.4.4",
          "lccp_title": "Financial Vulnerability Check",
          "lccp_requirement": "Conduct financial vulnerability checks for customers exceeding spending thresholds",
          "supporting_iso27001_controls": [
            {
              "control_id": "A_5.1",
              "control_title": "Policies for Information Security",
              "relationship": "Policy on financial vulnerability assessment"
            },
            {
              "control_id": "A_8.24",
              "control_title": "Use of Cryptography",
              "relationship": "Encryption of financial data used in vulnerability checks"
            },
            {
              "control_id": "A_8.15",
              "control_title": "Logging",
              "relationship": "Logging of vulnerability assessments"
            }
          ],
          "supporting_rts": [
            {
              "rts_id": "rts_01",
              "rts_title": "Customer Account Information",
              "relationship": "Customer spend tracking for threshold detection"
            },
            {
              "rts_id": "rts_02",
              "rts_title": "Displaying Transactions",
              "relationship": "Transaction data for vulnerability assessment"
            }
          ]
        }
      ]
    },
    {
      "lccp_section": "Section 3.5 - Self-Exclusion",
      "mappings": [
        {
          "lccp_id": "3.5.1",
          "lccp_title": "Self-Exclusion - Non-Remote SR Code",
          "lccp_requirement": "Have self-exclusion procedures and prevent excluded individuals from gambling",
          "supporting_iso27001_controls": [
            {
              "control_id": "A_5.1",
              "control_title": "Policies for Information Security",
              "relationship": "Policy governing self-exclusion procedures"
            },
            {
              "control_id": "A_8.15",
              "control_title": "Logging",
              "relationship": "Audit trail of self-exclusions and access attempts"
            },
            {
              "control_id": "A_5.18",
              "control_title": "Access Rights",
              "relationship": "Preventing access for excluded individuals"
            },
            {
              "control_id": "A_6.3",
              "control_title": "Awareness and Training",
              "relationship": "Staff training on self-exclusion procedures"
            }
          ],
          "supporting_rts": []
        },
        {
          "lccp_id": "3.5.3",
          "lccp_title": "Self-Exclusion - Remote SR Code",
          "lccp_requirement": "Have remote self-exclusion procedures via customer services and automated process",
          "supporting_iso27001_controls": [
            {
              "control_id": "A_5.1",
              "control_title": "Policies for Information Security",
              "relationship": "Policy on remote self-exclusion"
            },
            {
              "control_id": "A_8.15",
              "control_title": "Logging",
              "relationship": "Logging of self-exclusion requests and enforcement"
            },
            {
              "control_id": "A_5.18",
              "control_title": "Access Rights",
              "relationship": "Automated prevention of excluded customer access"
            }
          ],
          "supporting_rts": [
            {
              "rts_id": "rts_01",
              "rts_title": "Customer Account Information",
              "relationship": "Exclusion status tracking in customer records"
            }
          ]
        },
        {
          "lccp_id": "3.5.5",
          "lccp_title": "Remote Multi-Operator Self-Exclusion SR Code",
          "lccp_requirement": "Participate in national multi-operator self-exclusion scheme",
          "supporting_iso27001_controls": [
            {
              "control_id": "A_5.19",
              "control_title": "Supplier Relationships",
              "relationship": "Relationship with multi-operator scheme provider"
            },
            {
              "control_id": "A_5.20",
              "control_title": "Supplier Agreements",
              "relationship": "Agreement with scheme operator"
            },
            {
              "control_id": "A_8.24",
              "control_title": "Use of Cryptography",
              "relationship": "Secure data sharing with scheme"
            }
          ],
          "supporting_rts": [
            {
              "rts_id": "rts_01",
              "rts_title": "Customer Account Information",
              "relationship": "Multi-operator exclusion data integration"
            }
          ]
        }
      ]
    },
    {
      "lccp_section": "Section 3.7 - Provision of Credit",
      "mappings": [
        {
          "lccp_id": "3.7.1",
          "lccp_title": "Provision of Credit",
          "lccp_requirement": "Strict controls on credit checking, limits, and vulnerable person protections",
          "supporting_iso27001_controls": [
            {
              "control_id": "A_5.1",
              "control_title": "Policies for Information Security",
              "relationship": "Policy on credit provision and management"
            },
            {
              "control_id": "A_8.24",
              "control_title": "Use of Cryptography",
              "relationship": "Encryption of credit data"
            },
            {
              "control_id": "A_5.18",
              "control_title": "Access Rights",
              "relationship": "Access controls for credit systems"
            }
          ],
          "supporting_rts": [
            {
              "rts_id": "rts_01",
              "rts_title": "Customer Account Information",
              "relationship": "Credit limit recording and tracking"
            },
            {
              "rts_id": "rts_12",
              "rts_title": "Financial Limits",
              "relationship": "Credit limit enforcement"
            }
          ]
        }
      ]
    },
    {
      "lccp_section": "Section 7 - Fair and Open Provisions",
      "mappings": [
        {
          "lccp_id": "7.1.1",
          "lccp_title": "Fair and Transparent Terms",
          "lccp_requirement": "Terms must be fair, transparent, and comply with consumer protection laws",
          "supporting_iso27001_controls": [
            {
              "control_id": "A_5.1",
              "control_title": "Policies for Information Security",
              "relationship": "Policy supporting fair terms and transparency"
            }
          ],
          "supporting_rts": []
        }
      ]
    }
  ],
  "lccp_personal_licence_mappings": [
    {
      "lccp_section": "Personal Licence Conditions",
      "mappings": [
        {
          "lccp_id": "1.1.1",
          "lccp_title": "Responsibility to Avoid Breach",
          "lccp_requirement": "Personal licence holders must not cause operating/premises licence holder breach",
          "supporting_iso27001_controls": [
            {
              "control_id": "A_5.1",
              "control_title": "Policies for Information Security",
              "relationship": "Policies supporting personal licence holder responsibilities"
            },
            {
              "control_id": "A_6.3",
              "control_title": "Awareness and Training",
              "relationship": "Training on personal licence responsibilities"
            }
          ],
          "supporting_rts": []
        },
        {
          "lccp_id": "1.1.2",
          "lccp_title": "Keep Informed of Regulatory Developments",
          "lccp_requirement": "Personal licence holders must stay current with legislation, codes, and guidance",
          "supporting_iso27001_controls": [
            {
              "control_id": "A_6.3",
              "control_title": "Awareness and Training",
              "relationship": "Ongoing professional development and training requirements"
            },
            {
              "control_id": "A_5.1",
              "control_title": "Policies for Information Security",
              "relationship": "Policy supporting continuous learning and competence maintenance"
            }
          ],
          "supporting_rts": []
        },
        {
          "lccp_id": "1.2.1",
          "lccp_title": "Notification of Key Events",
          "lccp_requirement": "Notify Commission of key events within 10 working days",
          "supporting_iso27001_controls": [
            {
              "control_id": "A_6.8",
              "control_title": "Information Security Event Reporting",
              "relationship": "Incident reporting procedures and timelines"
            },
            {
              "control_id": "A_5.1",
              "control_title": "Policies for Information Security",
              "relationship": "Policy on key event identification and notification"
            }
          ],
          "supporting_rts": []
        }
      ]
    }
  ],
  "rts_to_iso27001_mappings": [
    {
      "rts_chapter": "Chapter 1 - Customer Account Information",
      "supporting_iso27001_controls": [
        {
          "control_id": "A_8.1",
          "control_title": "User Endpoint Device Security",
          "relationship": "Security of systems storing customer account data"
        },
        {
          "control_id": "A_8.24",
          "control_title": "Use of Cryptography",
          "relationship": "Encryption of customer account information"
        },
        {
          "control_id": "A_8.15",
          "control_title": "Logging",
          "relationship": "Audit trails of account data access and changes"
        },
        {
          "control_id": "A_5.18",
          "control_title": "Access Rights",
          "relationship": "Role-based access to customer account systems"
        }
      ]
    },
    {
      "rts_chapter": "Chapter 7 - Generation of Random Outcomes",
      "supporting_iso27001_controls": [
        {
          "control_id": "A_8.27",
          "control_title": "Secure Systems Architecture and Engineering Principles",
          "relationship": "Secure design of RNG systems"
        },
        {
          "control_id": "A_8.29",
          "control_title": "Security Testing in Development and Acceptance",
          "relationship": "RNG testing and certification procedures"
        },
        {
          "control_id": "A_8.30",
          "control_title": "Outsourced Development",
          "relationship": "Management of outsourced RNG development"
        },
        {
          "control_id": "A_8.15",
          "control_title": "Logging",
          "relationship": "RNG audit trails and seeding records"
        }
      ]
    },
    {
      "rts_chapter": "Chapter 12 - Financial Limits",
      "supporting_iso27001_controls": [
        {
          "control_id": "A_5.1",
          "control_title": "Policies for Information Security",
          "relationship": "Policy governing financial limit implementation"
        },
        {
          "control_id": "A_8.15",
          "control_title": "Logging",
          "relationship": "Logging of limit breaches and override events"
        },
        {
          "control_id": "A_8.1",
          "control_title": "User Endpoint Device Security",
          "relationship": "Security of limit-setting systems"
        }
      ]
    },
    {
      "rts_chapter": "Chapter 13 - Time Requirements and Reality Checks",
      "supporting_iso27001_controls": [
        {
          "control_id": "A_8.17",
          "control_title": "Clock Synchronisation",
          "relationship": "Accurate time tracking for reality checks"
        },
        {
          "control_id": "A_8.15",
          "control_title": "Logging",
          "relationship": "Logging of session times and alert delivery"
        },
        {
          "control_id": "A_8.1",
          "control_title": "User Endpoint Device Security",
          "relationship": "Security of timer and alert delivery systems"
        }
      ]
    }
  ],
  "compliance_mapping_guide": {
    "how_to_use_mappings": [
      {
        "scenario": "Operator question: How do I implement self-exclusion?",
        "approach": [
          "1. Find LCCP provision: 3.5.3 (Remote Self-Exclusion SR Code)",
          "2. Check supporting ISO 27001: A_5.1, A_8.15, A_5.18",
          "3. Check supporting RTS: RTS-01",
          "4. Result: Comprehensive implementation roadmap"
        ]
      },
      {
        "scenario": "Auditor question: Which provisions govern customer fund protection?",
        "approach": [
          "1. Find LCCP section: 4.1.1 and 4.2.1",
          "2. Check supporting ISO 27001: A_8.24, A_8.15, A_8.2, A_5.18",
          "3. Check supporting RTS: RTS-01, RTS-02",
          "4. Result: Complete audit scope"
        ]
      },
      {
        "scenario": "Developer question: What security standards apply to RNG systems?",
        "approach": [
          "1. Find RTS chapter: Chapter 7 (Generation of Random Outcomes)",
          "2. Check supporting ISO 27001: A_8.27, A_8.29, A_8.30, A_8.15",
          "3. Find related LCCP: Section 2 (Technical Standards)",
          "4. Result: Complete technical specification"
        ]
      },
      {
        "scenario": "Compliance officer question: What controls ensure underage gambling prevention?",
        "approach": [
          "1. Find LCCP provision: 3.2.1 (Casinos) or 3.2.11 (Remote)",
          "2. Check supporting ISO 27001: A_5.1, A_8.5, A_8.24, A_6.3",
          "3. Check supporting RTS: RTS-01",
          "4. Result: Comprehensive age verification framework"
        ]
      }
    ]
  }
}